TeamName,PlayerName,Image,BatingStyle,BowlingStyle,PlayingRole,Description
Afghanistan,Mohammad Nabi,"https://img1.hscicdn.com/image/upload/f_auto,t_ds_square_w_640,q_50/lsci/db/PICTURES/CMS/383200/383215.png",Right-handed,Right-arm off spin,All-rounder,
Afghanistan,Gulbadin Naib,"https://img1.hscicdn.com/image/upload/f_auto,t_ds_square_w_640,q_50/lsci/db/PICTURES/CMS/383200/383231.png",Right-handed,Right-arm fast-medium,Batting all-rounder,
Afghanistan,Rahmanullah Gurbaz,https://static.cricbuzz.com/a/img/v1/152x152/i1/c352440/rahmanullah-gurbaz.jpg,Right-handed,Right-arm medium,"Top-order batter, Wicket-keeper",
Afghanistan,Naveen-ul-Haq,"https://c.ndtvimg.com/2023-04/t8obveto_naveen-ul-haq-_625x300_20_April_23.jpg?im=FeatureCrop,algorithm=dnn,width=806,height=605",Right-handed,Right-arm medium-fast,Bowler,
Afghanistan,Azmatullah Omarzai,"https://img1.hscicdn.com/image/upload/f_auto,t_ds_square_w_640,q_50/lsci/db/PICTURES/CMS/383200/383229.png",Right-handed,Right-arm fast-medium,All-rounder,
Afghanistan,Ibrahim Zadran,"https://img1.hscicdn.com/image/upload/f_auto,t_ds_square_w_640,q_50/lsci/db/PICTURES/CMS/383200/383225.png",Right-handed,Right-arm medium-fast,Opening batter,
Afghanistan,Fazalhaq Farooqi,"https://img1.hscicdn.com/image/upload/f_auto,t_ds_square_w_640,q_50/lsci/db/PICTURES/CMS/383200/383236.png",Right-handed,Left-arm fast,Bowler,
Afghanistan,Karim Janat,"https://img1.hscicdn.com/image/upload/f_auto,t_ds_square_w_640,q_50/lsci/db/PICTURES/CMS/383200/383232.png",Right-handed,Right-arm medium-fast,Bowling all-rounder,
Afghanistan,Rashid Khan,"https://img1.hscicdn.com/image/upload/f_auto,t_ds_square_w_640,q_50/lsci/db/PICTURES/CMS/383200/383228.png",Right-handed,Right-arm leg break,Bowling All-rounder,
Afghanistan,Noor Ahmad,"https://img1.hscicdn.com/image/upload/f_auto,t_ds_square_w_640,q_50/lsci/db/PICTURES/CMS/383200/383239.png",Right-handed[a],Left-arm unorthodox spin,Bowler,
Afghanistan,Najibullah Zadran,"https://img1.hscicdn.com/image/upload/f_auto,t_ds_square_w_640,q_50/lsci/db/PICTURES/CMS/383200/383226.png",Left-handed,Right-arm off break,Middle-order batter,
Afghanistan,Mujeeb Ur Rahman,"https://img1.hscicdn.com/image/upload/f_auto,t_ds_square_w_640,q_50/lsci/db/PICTURES/CMS/383200/383240.png",Right-handed,Right-arm off break,Bowler,
Afghanistan,Hazratullah Zazai,"https://img1.hscicdn.com/image/upload/f_auto,t_ds_square_w_640,q_50/lsci/db/PICTURES/CMS/383200/383222.png",Left-handed,Slow left-arm orthodox,Opening batter,
Afghanistan,Nangeyalia Kharote,"https://img1.hscicdn.com/image/upload/f_auto,t_ds_square_w_640,q_50/lsci/db/PICTURES/CMS/383200/383234.png",Left-handed,Slow left-arm orthodox,Bowler,
Australia,Glenn Maxwell,"https://img1.hscicdn.com/image/upload/f_auto,t_ds_square_w_640,q_50/lsci/db/PICTURES/CMS/316600/316657.png",Right-handed,Right-arm off break,Batting-all rounder,
Australia,Mitchell Marsh,"https://img1.hscicdn.com/image/upload/f_auto,t_ds_square_w_640,q_50/lsci/db/PICTURES/CMS/316600/316612.png",Right-handed,Right-arm medium,All-rounder,
Australia,David Warner,https://static.cricbuzz.com/a/img/v1/152x152/i1/c352449/david-warner.jpg,Left Handed Bat,Right-arm legbreak,Batsman,
Australia,Nathan Ellis,"https://img1.hscicdn.com/image/upload/f_auto,t_ds_square_w_640,q_50/lsci/db/PICTURES/CMS/329700/329711.png",Right-handed,Right-arm fast-medium,Bowler,
Australia,Ashton Agar,"https://img1.hscicdn.com/image/upload/f_auto,t_ds_square_w_640,q_50/lsci/db/PICTURES/CMS/321500/321559.png",Left-handed,Slow left-arm orthodox,Allrounder,
Australia,Travis Head,"https://img1.hscicdn.com/image/upload/f_auto,t_ds_square_w_640,q_50/lsci/db/PICTURES/CMS/321500/321584.png",Left-handed,Right-arm off break,Top-order batter,
Australia,Marcus Stoinis,"https://img1.hscicdn.com/image/upload/f_auto,t_ds_square_w_640,q_50/lsci/db/PICTURES/CMS/321500/321596.png",Right-handed,Right-arm medium fast,Batting all-rounder,
Australia,Mitchell Starc,"https://img1.hscicdn.com/image/upload/f_auto,t_ds_square_w_640,q_50/lsci/db/PICTURES/CMS/316600/316644.png",Left-handed,Left-arm fast,Bowler,
Australia,Pat Cummins,"https://img1.hscicdn.com/image/upload/f_auto,t_ds_square_w_640,q_50/lsci/db/PICTURES/CMS/316600/316692.png",Right-handed,Right-arm fast,Bowling all-rounder,
Australia,Matthew Wade,"https://img1.hscicdn.com/image/upload/f_auto,t_ds_square_w_640,q_50/lsci/db/PICTURES/CMS/316500/316594.png",Left-handed,Right-arm medium[2],Wicket-keeper-batter,
Australia,Adam Zampa,"https://img1.hscicdn.com/image/upload/f_auto,t_ds_square_w_640,q_50/lsci/db/PICTURES/CMS/321500/321549.png",Right-handed,Right-arm Leg-Break,Bowler,
Australia,Tim David,"https://img1.hscicdn.com/image/upload/f_auto,t_ds_square_w_640,q_50/lsci/db/PICTURES/CMS/340300/340305.png",Right-handed,Right-arm off break,Middle-order batter,
Australia,Josh Hazlewood,"https://img1.hscicdn.com/image/upload/f_auto,t_ds_square_w_640,q_50/lsci/db/PICTURES/CMS/316600/316622.png",Left-handed,Right-arm fast-medium,Bowler,
Bangladesh,Litton Das,//upload.wikimedia.org/wikipedia/commons/thumb/6/69/Liton_Das_%283%29_%28cropped%29.jpg/220px-Liton_Das_%283%29_%28cropped%29.jpg,Right-handed,Right-arm off-spin,Opening-Batter-Wicket Keeper,
Bangladesh,Shakib Al Hasan,//upload.wikimedia.org/wikipedia/commons/thumb/c/c0/Shakib_Al_Hasan_%284%29_%28cropped%29.jpg/220px-Shakib_Al_Hasan_%284%29_%28cropped%29.jpg,Left-handed,Slow left-arm orthodox,All-rounder,
Bangladesh,Najmul Hossain Shanto,//upload.wikimedia.org/wikipedia/commons/thumb/7/75/Najmul_Hossain_Shanto.jpg/220px-Najmul_Hossain_Shanto.jpg,Left-handed,Right-arm off break,Top-order batter,
Bangladesh,Soumya Sarkar,//upload.wikimedia.org/wikipedia/commons/thumb/a/ab/Soumya_Sarkar_%281%29_%28cropped%29.jpg/220px-Soumya_Sarkar_%281%29_%28cropped%29.jpg,Left-handed,Right-arm medium-fast,Middle-oder batter,
Bangladesh,Towhid Hridoy,//upload.wikimedia.org/wikipedia/commons/thumb/f/f9/Flag_of_Bangladesh.svg/23px-Flag_of_Bangladesh.svg.png,Right-handed,Right-arm offbreak,Middle-Order-Batter,
Bangladesh,Tanzim Hasan Sakib,//upload.wikimedia.org/wikipedia/commons/thumb/f/f9/Flag_of_Bangladesh.svg/23px-Flag_of_Bangladesh.svg.png,Right-handed,Right-arm fast-medium,Bowler,
Bangladesh,Rishad Hossain,//upload.wikimedia.org/wikipedia/commons/thumb/f/f9/Flag_of_Bangladesh.svg/23px-Flag_of_Bangladesh.svg.png,Right-handed,Right arm leg break,Bowler,
Bangladesh,Taskin Ahmed,//upload.wikimedia.org/wikipedia/commons/thumb/c/cf/Mahbub_Ali_Zaki_with_Taskin_Ahmed_%28cropped%29.jpg/220px-Mahbub_Ali_Zaki_with_Taskin_Ahmed_%28cropped%29.jpg,Left-handed,Right-arm fast,Bowler,
Bangladesh,Mahedi Hasan,//upload.wikimedia.org/wikipedia/commons/thumb/f/f9/Flag_of_Bangladesh.svg/23px-Flag_of_Bangladesh.svg.png,Right-handed,Right-arm off-break,All-rounder,
Bangladesh,Jaker Ali,"https://img1.hscicdn.com/image/upload/f_auto,t_ds_square_w_640,q_50/lsci/db/PICTURES/CMS/349300/349343.png",Right-handed,Right Arm Off Spin,Wicket-keeper Batter,
Bangladesh,Tanzid Hasan,"data:image/webp;base64,UklGRgItAABXRUJQVlA4WAoAAAAMAAAANwEANwEAVlA4IB4lAABQowCdASo4ATgBPp1KnkslpCKhqLP6cLATiU3XS+E2yr149o3eQ/AH5zlO7iu0/Nd6P/7P3b/Pn/letj+9+od46XrH80f7Veqj/1/2R91P9g/0fsG/qj62vq6/1//u+wV+vfrOf9n91/hq/sv/O/cT2tf/nrMsrf0Trz43HKeid+D+eftt/dPEdfJuEH4fnf9sekz/ueO39z/4XsEfzP/Hfsz7yf/D5e/2b1GelN+6/s9MmDaVeppV6mlXqaVfQeDP5KR/akquYplAV8t7Lgm+JV1kIUXZBlB9lTUDi5EN1uQgUGoBYWOHN0fY5i7ypi7q4opMzNsHg3MairWmhfuswACKaq1tPXkTwYIXIE0XPelpXKiK449fUjRyQrmAQhZupo7fOY4NWbiOLWWjPvLiwqSRUnVf4f0B1G0QRsJmn+TBalCr09WEVEXiM9VT9cS62VtdF7bgaONHsS5H20PuFC9oWkRt5/wP1/B4dGaeLprBp1GW94vdItrPEMSUm5+ZivjwkqzmkURy9HgMS72fIKq6i4vwyVTglvZ57mJeUmHX9CLmfxx/lr8ZGde3eFpKCvU0q1bzdyiZu5v719EPyydZdCcUnYWYAW6/3L7UlPh+EYmCgH6P4gdTtqQteeKxlwcZIGgH7ASCHwY50QsoLb1gPWrhIn9u+vEa2aN/yoByAUJm67ML02SSAzOfX8hny6H7Lt7DoUhbXqm+qYXBZtAZfnwP4Zbd+O37Ombe5Rk8hCss3vLq+dWHoRmpi3c3Yvk2flGrR0fft9nACKcLfCSROumK4uw5CrY6a0m0QzbEkxl9FeRYnrRMOv6cz5MhI7sjwufxgJYFz4OwCXuANK7KtHZe5Bs5sOmVpUA2JT6I4q1DVDeOC9y8WKOAWWRCJf4qMRqsQPg+xFmL8pVEESGAPtL/KayFPiuW5Wt4LkCm4VuBv1sN0pAtdNsnGNLbTQsEuYukS9qDMEhveOGzTHCsDzXqyopyqPI1rz3dO4IES5xDp9Kqq0L0Njs/tVRo5V1YGmBrMZmK3nfQ7suK1KNT0frtbYa+DCUSrkZVexTRqrMXvPqWO6YoiqbQN9CEmIZP6LvCZGslwkGkp1CZ1tdfmiJmVnGzwV4v257Vur11L2L9e39nTt82XeEmaUIFDGmUA2IZtajxM8JEo7+B6qeh/Jz9NnDoDPWuuiwjOnJ03fOjKTL9xjyk8Lf0BM5vDywN7Y0Sf4rmFnZreRsMheR4zrEj4+sSS2xT0qhGYPl/02LrzYasgkgKDPEwUO2Hc8FDEaQn4UwEizcu+HrbYKhkDsQU4O3HYKiAdu7j5nQzAgWHCjWsgRmpq6bz8hSPT60/YVTRuKgbZWRUzv7A0ZjEUdvf+NVjLjxeWU9HRlqYBE2M07SiSd22mIlOguf6LlhVBnIs0FwEFRaZNBQdVmrDniPkbjxvSCQ3Y+flt2evbZ6JA5HgB53VNKr1d0J23eGbNYUzReXdWffp1JTcU4ryTRqmVKC/piaPYdkIGTfEEToKusKM3cbRP4XTFa9VIWChLp2CnKQ9Wgy+E3dR/BNgNvrl+AXfSye9kKBg4B7d/Gg0NQ4TKCTRo0g9WGtje7onnSJxuWXjXXpsQS95xPJqLKKrBeLkfVFfaQc8B4xOSDnLZtdYG+bHS9hdM2y1GmJ9rndivowC0DcS8Hb5U2W2Qyj9cs05tajmmk7N3FjyFAdkTsKyYJL0s0f4ChP2B1jBSbMz4i5wA0qQi26LxZGAAP7qfBLNpnBCsayJAZ/wzzK9BzNZ4/BZDt0JDJAGGc3O1Hfug6nbEQIrm3H+lsNs6Sm6mov4HA/YEAxUSOBEE9H/2za94TxnyCDelxoHQQhkRzDOB8BOp5gGGu5AOLYgtggaU6g2V1lv9F6Y9wcksAZimqoigfhLtgtU2Jmr1wJmsAaU+J9od7yTbZb4AWETh8v1tmIDqIemy3T96lVGmPE47oC4gQaprwGlh32hJUZCsm1oaidV6mxHmEVnt3SiOmYVkwfByTeatQE+jic4xzcvcnbcCGQ/I/VepCUqhfOsQJ5KEleFKaFtfZxZEtKpLfhlgCN87oYg1DtT9pgmNR82u3GbVWD69ftLkI3v/u+1/iy6uiCdiIobgICikkJgeX0SQiLt/r/MbN+nULb6e7vcbUV2USE/seBFxIYk0Vo+YHeCV0lG38eSDb9dw5NiGcLncUH/XNh0lh4OE31IxmsN7KVIkk74d4EX03YTmohe75kt5eeIkbotr/aQFiNT9cXoximbZTuEsD4psA0AdIEINYKG54wMBj+wOc4y+1V2GnguYK42nnNnV1sflbg/e04xM3CfIOfcZg8S3ioizQwZO2Ucb8JFCw/k4020NEEVLY7jcmZHNUFPeTm5VNhG84MTE2iPEY5isMeRzEFqS2WtNNbtN0xm/hQ9k+ycYZDUVOm/vsJ9lIZB5knW9a9Hek4AALcSSyM0XXk48EwdZKhRValFWWsCN9Qvi4jIX8/kwpzA7GPe9GqWcGNBnnv4zAsVy7nW9oZMIFIfLkezELHr6RxFJICsr2Mk2tVCvtfAh1Oa3SwMrif+669e8U1oFUIingQHG3jayS7M3zJHWeGKk4rj5QqB3/VQEglevPWUUybH23ioeEUy/o2mhN+hJA7+Y7pv6dllvMeO5Y1y+eiBbXwYrETG878x6TfXja5qWBu3uEYvoRK2cvYyTWEkwzUpzPd6rwim7cGI5SVthixfu7XfpFb+YbwF3UEt1PGQ0JYuYikFsA7dmK/OUTkkiG1XjPTpBm0FQvYVVgxyNJX7m9uA1Qe6MRcUbgOwrQxwfu/QBJr4DUV3nVTDzLZLImEccapqilJNdayciKYW7wNxTwMCgu+SwJoLW2yidwx6BIel2CC13O8pJps8q6mAjeU3bMdNvnxY7ETNjgVFxIilw9G5bmvDImyZgmRAeei15bh1MHRSpOTPXSCGPK6Dz8LRDbF9bJwxmYlC//90yQOof89NNX7z7r0lZi6wwIjp9g8tKjPTH2Q8dBtX6nmcmF/GRHqb/wx2BsNf8faE6Dd1qmR+hoYxuvE794J8a0rgzO5XdUJygnuOHLFtwRiBPbfenCeqbN8DMe6RCD4kmX/PDbn5IxNPmIxZnvhaaBPCwYWxKOFG46PO0qHUUKoNHrRXy9CrIA0+N+1dIFWaUnLRuXk0doewHIkSYDY02vkXFm26eWpX6IsbeSgtOIEC/VpqpaiRcVeXMNLVkg6SQ8mnXFJ2CJWYoaECRhu24vFYwK1RD9mVijDVaMMe2O6LVrQ4H1p/Goz+gHf9XmD463Or2hcPeuF/096SedV63IQ5DvNcFb1tDlZtGn1jqQCuW2VKaAAFNZpWF2IUFKfeRLA7TEOFfKJZTM+9K70r29m74P47CVXJrCamxQ0zoLiAIOdToZ9GErjE+48whQWGrv2aiqwdUfKGDaTy+7JmI5rYN8oB0COk8M9XR3YwuXTISG1Q6nhPGCpiuyFcvwcexuqpjB30hi65K7oDRKkEKWWFONYQHnUI/jzjhYVCFaStW1yXLDTbW21fVjjm6mP01h9z8qVTYG9eQzMjqB6CGetCzRrfk6Cn+oY/mGcPwoBIV6jAHJN9RrV1E1yNyGvqyiv2JZpmCMbzduBorIP4uOojm48Sk5M+uplhWXLLf9mjJgaPbh/hWlvOIsQoowt05PtbMKSup44Ac6zKUXLLw/meF5WMXmNGy+ZDFUujTRN5FM3ZEABVlwiGwniRtiGvR6rjjAEwksMKfLelqID7FLwzBryRwfuvIUNFUVMZdSfwDuWeVjsUNb833s3W9cmrFR9Dx9V7hTIMDNqSfaptOgpeaH3xxOJVok88eclWFWgC/ZcyT3WoDxHga8aMifG42VZeKvQVCtYZ/n8hYsA4qRqVGsLbzPd6rfXOE2MubBfYFopKoyDMgnWI4cm1U8UQr1ThZKFrHn93yamrgEIOHar8q+z3qm6qH3YiF2eXDpkPfDNXcCWZAMf3J0FMKw+pNom/p6iefih4+cBP/wGkalNleJCcshpM/e9v6/RGhPVlmZ7AvIlJkMXRYkaREZ7qSNml9AxgqbXZcYV+6spgOQ8e8QByGWLVo5wJS/TGFoUwMYmwLbq06sBQy51ElN8vKS/TzFbvRKyJobXutOfi3CZgx7t6jMUdMiS3kK6m82BTNTEOVcvHgkb4VyS2N144Hd7pa6vJOdgxLiIsmCCPWpPwgyIwZO1UTbl3471mVD6BprkjbpKZRjgO2rBUpC2NCBUwoJhQTZIR5Dg5EjwMdJ82+ujRwNo8dFTLQkQ1xVtljNI+V882G47XbqmV5zeMBAB2IwW0Y7rVrLJ1E5HdJm6t3lucpWejcnuc5BDh2qZ+Cd5KdJptZ53C4mBn40qAn0LkCpjFZlShZVWtLUwGrzztDz1P0MkDeOLDYCR35KRLvwB5UhbvY4fSW1wCM29rEzYYmzmnFj990B9lWXGq2ygMJ+aaO5tJbM3roP03GzKFbhRkOecaubsNQbJUGWweSfnUGSWwCbok81893BHHHzE5kX/LXOEyw8DPYspbBWlaUWkKeBlEjH3W3O0vYpmvqap0DgPx/iY1rvPsqdf3Tm+sg+caitHRMkpvntXtHpzMG2vrQbJAI/Nm7xI74mM1x/UiP/9ID7yX5XLFRT3yoO2XsI16Pcl1QIXG1+grwy2C/5MPNqcsSkpogT5fI+mXSYpuScvGy36ASFgytE4ETJYqp/359AacorM5KfTZ+6c/hC1acsvheFQGnZWpNvnLAfRxz6hHOXnTEZnTlywHo+lLQOXLGDbDpXULhSi4fpJik4ga6dSpu2wbexNF54dQy17szJMxsncErINgEneH03Lsh5OW1kvHAcUYFRbc051dDAChL4wxOE4mvsjC1SNjYBNTuZk0YrENfyG1WKrcfty+fCcsHA8PPIy0Uk0N0NMNDWX9qPybQye+eE0VxEnMtgA/Dn6T4J5VeFxr5K8+vzkyflsghjlaDP33JlYYAEEZ8Hk9oDD9999fnxGjrlrClAVqZyjFIxpYcXpTmWxqp5H/1URvVtxtU0Lhgkk9qrw+GHCXRogq4WaiHq49sCne3HuEAjKQeCriRms03TyZTXDB/mtfWzSe6mJvpbOcINSYxBQH9Wft7Rb65rZAz+rPDbpZlm/0iznNO5buTbHlDSHunaivzf0uxnpy8Ih8eLRRjYOSAC8pqJKz5zW9L5VqFDvKAjFx3138ycb3LzkkuxHWdeFT3/jEzeCbj5Y43wMI1qlyFHTqXAHu/zdlMBSvn9qsJ9umSVSK5zU0p7pk0pQ7GQmQ7ZGF9RBfD+yiJyiMkM5ueTvnljYQdwQENDHnWqv9wXXPMsZ2TcgvBj9dUFLrw43VE6bJlQgo/ZWLBlgqPCK2LocRV9V8jVtkdFvDv5wqqnfb7fwfvoiEKVogoubCAKrg7v1R4VMRlJRGaDt+LHfDR8b2OmCFrdzNMWjTPycV3cIQwQbom7of6BJFSS1U9tCC277YpdtIW6+qQjMBv3ZdOWe2XYEQC3jBjZXuM2y5uK6r12perZ+CN602dJcKdI852YilN3V0Kqjy6/AP0LJpCtZ1oL3v1fjwKU7UJwcnu5c/r2KgTDHbFM5W4DWTv1D13EODoK7TawOYaj1Uc7H+Ecl7uASxzR7bc9NmOFZiuNLv7PKcvGjgdk8uSXxFgcEn9J5OkUW8RMdQCgmkXz/InH2MHcohLGNOnRf43VKvuWsysI+vPVLmXGYRNRRyp62LTXRsxJEUrqk6tnW2C97s/ZL90mxEuaWBacsWVgBBfW0ePOZ8cIIbmizSoAh57XOdPmPcwRf9jAWJPXIgyrEP32mfMF6d1G9BZHIDC1uVQP5YVtScC9bN/ESOuzs5ZfV++Sj2L+xUXhXRj4fvtIO3VqKmRNnr9q8CZ+qaEx8P24j0NcRdUDIXxdOyiB6gSWySheSfhAwF/R+S2COAK1MnzLb/N3IzM+LK92afxrP7Od7EoW4UfvK6XfMfyP47Vj1ACJyvEIBdEmHTV1/EzxARDG0lxKHpSlCLMLKsg8XNr3HDeECeK6cLEo3pkCVFt8OVgUg8/g1c/D7dtEeSXhTBOCcq4vlmCHoA2KaZyQlpEe6xtM3LwMRdr6WZ9qSRPz2jbYSeOlICRjYwnUODDGYxH0qWC5CaFMNytHK2IDblaOktS4ipB9FM8jD14XFToOJcyiETNd/u7Oqlm9O4lUjeENvP/HOglWpU8jmhnROPg6JYa5y4+lzVtssH987hPxCSabdRmAaqhBLbwaUHNXjuv9xVJBon+/wD+NHJ2fwYXHc39iy6LR6nAssAb2DUAekgp6VBqGNThzHgw6+tg0atzJQOE5P7+OuCBZMEHmQSXDnjp3r4OHn9/vexlm9NJqLux5arRLjBXC4OzHrUf0fK7jZPJOm6gNTTmc2u3XUQsxkRYEQFingVFVRqSo+ZuT7hku2bQc9DkJ4AsSODXA800xFj+ZUKE92hJElkc0le4Jp5+oR57bfR3H1rLwaTk+Qf+3IpOpWGvQKbE2vDw0VdSgXnJkHRtTdf3xshF0V8VzlJx1i0JfmHCfpIZU80nU2ISK88MCxa99raUl4GM3pUUdi//HzNdEpto+HPFR1HDWFoaqbWXAbhFHW6FPk5cLCERkWGI4KIZwBOlAQXK3k68cADrkjRE7nvbbEDd+JTpKgXmxDxeXSu2nOOZg6E9uC136O2aM/E1KeL+48nZ5dgLNgfD9h4Ms9r9DoXWEeZ53l/uXXwVcamNg6osPQ3E7VYzf7d+i0I7s3YvFmNMJpNxLu7H+YkwoUCnYP+XFCt7M1i3gAIWmic3I/6U7+nUjJAOdmoXSbk2Hn9F/Nc9PfKo2J2hKlC2JPgKJJnw44C7GtR92ZIobtPc49EYLnOVKuqaFb5OZlzwyrhHKYZNUK96Soe7wtGBDjHq1hdw2g7m1cePg/IPRBrRSA5BENCchpyobzAbyIKkiAaJmhiu/WEuc06VMqZ9MFrUR2jxpGiocbNmkSSTLz1e3xUx+KTuR3WMPumr6o+MTy2t0OyAiR3WtdpoA8jO/YLzftNNjaB3BkSsqGx3Ur/apM3tH6pIxL4ugro5ixziH7CIV2TpcOX4oP0jg9E6awnhb/S9Rr/cI5fY0SAaeomimbmUIgTus47rqbr00Zyv/wMH2jPc2gvhQXlRwHL5J590/A6i8aHwO7k5DRTsq6zH403BB9RmUk2n5wWS8nDqEXJIAUNe3Z8Ww7suxcZPC5XJJsVFFEkP7I5Vi2MIBGaqefG3g4oSuu9i5Y0vMyA2IVQVvs1d0G8R6hgjppNIwwZuWYoZOYgfwLda5YZFUtaySRcTtnWqsWgoGqFwhh7BycwY2ThjEWpw96CiwXImistpKvQ5eSLJXe4B894550I7ZJnowJ/3YKUjoSLphVpLDaNvYsN35YNOfXTV1EBiKS3ULDZNKOhUsDmHf714cq4g6FMd1z96h43159zvHygUwA2iBH8zxBKsVebt0/GeT9j0Um1lQzU4+GZUNYRRHdJw/NGwvz786n2u8ys6n5YeVk4Oux4Jm71lL7EVHPWlTYD6wNc4wxdP4zYjFmGQ+dd3z4//zEnWw/1eQI7SR+bSKlBcYh6u4n6dlyjeg/sm556dYip+oaCagM56PrGN85CvgsSe+1kqTRFrDEF8+8Y3lcDJ9Zxp411Ekd3fXfF4mxum2esCh5XHY+YmteYHTfuOUiiTvgRUYrr//9QHkxI9Xl/kYMUGRaH/g90ZUXIwsLc5WAwYeIIDGUfPqNSWxaKhr/M0YMyGYM6iRQZaYeW/q6aqjnuM04hOhgBAFLmETFQ1t4RmRHUCwhoJ/pPqXg5O+l8Q66Uc1mTqtqbmnE8ULIlom37wq1HUkt3SuFE0w/YQVnRN2iVohu7dYPCfAvqpOyI+GXweFrCt2OnQkkK5erUrMvxdpCWqHvaF06iUfsrTWLfrmyW2qqICXmXrLn1k/HpNwfVF++RkcqgaruBSRjjUAzYxy1d2zkyK49L81gWpxVEOuzXeGWJdjDx2XqYKcxGDTiKjvPlpzvIaUWxQ6XZ3e5ZCJjVs0Oo0vIXWfH2QiRBTPq6jzyrk6v0Mkc/5kbdMHccFcqCv/Ek2GPVappy14dy92y8+SEd/kMulOTxfRHXlHI9cGwm+EfMFR5URuedmdiNBqxSMqUzyFmuI5+I74W5OHuKfmFQVPTEgAlfG7vdyFq+byV75x00p5+2RtGRaMwr/YcRKClPs04zPAQ1YY4gy7hlshyQL7kNtHvZ/DSMnyC1v6GB+oRbiLaEKGCGU5YDxRxJvSC7j9+RBKWNVaV1w21md5moSl9OTouoZ8mLG5XDiBPdlM1OcU51wYoFle4dBbTM+5sGcmXsQICb71GiN0OlHSo3maDsPNXxOuy21qtKBeVs05DeJ1t8YKhEGv0E2WBCJ0qVahazOmUgOT5FQ+z2ry6wRRYyl1Y8Yk/lJAv9ft+OTpVKuVaNRGxBzm1o2t3wMocO7WNqP4Od1c/J7VS5h285ZOA3tpKlLcV5IdibBhIHV/1PpwcNABIvCsgxe5boowlTFT5fmi7iklWYsdT6ty3izl5rfAHCuxU/+G62pmztrPg/J318eL/GoSnY1Q60gQ8C2dpniUj2O8+elWKvgIfjXTjq+2ilzs9z6PyTKvlfWa7BJ1i7NXsyW63dhnssMf7q+vfwz+AKtt9z9mpfZerfsrN+TZJgrmRqlIIwN89hIDDft4Zi//vWyHpL3ODr1eaWmHs/Vl3Y+ivSQVv3TIcYVpKHdXchfc9s9XlPmuFsyaAZSyG2KnxsCAFUPZrOHsMytkZxwdxlB3RllqN91Z7md/ZAqqUTO0QDI7SL4ufBjalB5JenbpSSsMRcxZ32uJ0igY+1gdZgtx+mvef5oLya7gx2CW2dzLLWnmJJ2YDf9MGoLL52hbcXv3zs6s34RI74hCyWFEgx9UOqqWgC2p86530QOaSFFkxjrAVeODaaLjZJItd+A4femFL6kF9cjFVq+QNs4ie80kdv5rgmVkiW0byyQAg25rZMLxBLX16mc2/daaA4nXmSTV4z+c8GVOmZUI8qCdUintWifDqjZIrFw1WhHESmmhFOD8BZKv06s8nFpWBaJxW+vBykwXFAnq+HfKMo+L04PBoX1zuNCTZEGG/NjU7EvGocivBBNWxBvP1WtiEtxBmsdwcdgzdUe/iWE/J7bRZ9gqcw/7o/U87dkUN4h5DZFLRXri0cbR8D/OYgvJw42T+Ot97P0iZOOWizM1g+6cgJud+OzcEE7B/4oVbycsC+vGpG4ud9/8NMb+TZa2x8aHMH/lbiq6mvD3IGYhn2nHxioYp3sxbdo2hwDcfoKj0bz+ORzp7+PJ1rBdxYnByENVzCbaU7xAYnmKAmFIcVbNAtjLAnpiehOacFfZx0JthV/4suiSd4qCbrc1j/xJiyuxdfLvPYr8rraVCuWx+7dIx3JzYwGavEjxB9vLvQVi/WgX3YoqOyHEPed/ZneZyXrktIGSgjhqzvgrD7fHr6tl4Kqu46R3ia0QT/yh9+wlxZAHmABX/NkdkQjNWUkkBegjNCkGGKgpAUmYDMDJRZzNON+gh21vKKRrZfZwGddFj6e6ZPllXiNNIp4urZv0tX/XFdSQcr8WLcUVD/stX7nAwDHsa9XX6bDrUTWUcH5yylsyKxkafJHjozbjk36KqOldf93ljP3ws7581hgJkYh4kMrCWvRfsbJvzjhVY/n9qBtLzyqmpLq8qP21UAtDUT1jvQYKpix9YjEaRd2a/bplq8KRBEypkif0sbuPlv9xBugrq9H4xUn+SmDByCpAUrZfltlFOaxS7uucQmpOxrrW01PeDDA/6cJQt03hjBZNkSCCJgyh010ZWvRJ+vKH/f4Ms6nYF76gZFLRK88nvoJRcl2SUcJKSDMLzGC3X3xHCZ/TzhkoLfKJ5xl69JO8h0M6f+5Lf3qnd5F0ke/MkZqjAD4EgvBS2mv/qZbnG58JwhO0VlEkOw8nCp2pRbe3oDr/pbvqRRXpZKC4jxKWpLx2fW6TMNr2NswkwzjydCUxtBIxv0k8kKl5ClOFjNKrUcojPGqlDu3rf72c+x0Yi/cLyT9nVzLg8q9l+iYTsgcCBIA8n1O5AYumgc8Hv12XlG+z2JwsJ1o/sFk4UthSBA/Gn8b5gRCvlxTfRiChT9UcNwJRRw2cX5aGYVE2WxG2EDwqSDKmqLwDeKj2vuOEJcAuPg3mwzqxoPLc5IiJSfrmBErIYpYgbGL1D4TJ30Cd1BujoXfajXTsPSkMwqk6VXjYfnNuhv3veFa29N2UGrMpPtfFp1E/xr+9AbbYlbwxfIgHsyHdrMmOYJkzvJYTT0gqUjTfHqN6XzoRrxNyPXVmYLw4f2EzjgpxZMl2XV20uDHRwdjkBEUkKjkPZz0tz1ukJXXez3VRdX/9EF4LebmKLVcysOBjGhc7FpsU6TvwS8Q9lPMCHDVQ6EfARE/mJHFkTos1ao0RPUnxCH6N7RErdrlQBPmhFnz1Mg9DUU/7PUSvvwpG2R5GHZhBpB4Wyn1NViQvKIv5rZQqbkUgjQvegnt9PWTV70VwA8Cl6Y4/BXFq6EYIfBYD4DIIETaXUdHNFXIi4bWIWL6ypUqTYSqHRgx/PY84TFY2BCORw8xsrgFVMUYFwAWfmvdXg/ftUujyyHTjPTaBb52G70EUZzBJ7e3rk2v5Jni448lK9PpAyGj0RVfn1LxG7lfGnKfCcguW0Pn9Z4Mr2Ahq4yScQ2wkBX3UGbgTnQSSMYYhRz3wKRXfJyAsZUTTWziOk38HU4gPL36ooM/t4jJuhINANJh0gYZdz48wb1AuzKHNdHnxzuYbLbuvRxlndUC3yzbgVnTkm2yOVlHUAPNGUUKRXxxds1kBQ3PHbvfMpufKwD4HEBDqDiIGsy/SVFfmnD6ia0paMjj0UZU2Ctv1VG31wSNDKaDGGX+6s3iKtgSSFTZfBQouXmyOIDz9Qinf/DG8V74Rwt1C+uT4d3N+RhmEc3ZuNDHe7UQ+FSDkVvL0+mJFSxi0erqwS+3JbuOtMinz79qo4Y+E3sCu2WuzOSpVzQ28zCWDr4SWTxzCl8mI2t/vh2jmR+HTt9GzRcl5oDOhfPDUs5yOYLLgiq6Wro+GERxwq4+Iw+t1tFCtKgO6NNY3Kx5Vb3H8THQm/t1Ml3xgfzbRcx0m65D465DLz7Xp3scnUkJ3PP7TcMOv0GeFJfo2vat+lKH7boTicWFo/DtCFvTY9c8qpy4Ga7w8h+a8uC5xRZtt2VR38rBkMws4wZW/egurcHt/+goPdvXCpuSw4E1VaYLDoAOsddlWsL00f8CFlvRpBvDap7LnM7X8Sx1EIUF49DkNMbpGRXX8Y7ImJZa3yU9LOXCTXAhKJV//VNVRexqEV9XLDFAXO1YuejnCNuJ+aeu2tQoyoZapvYirWWeOuPGUWoMhZsCQu7dkIxyumOSEyqUgvAug+ruBM5REnC3T6PtNEd3Dn4TPm2IgAhZIY/Bbb54QXYbNgl1a9D9nIgcC0u7OX7YM7Gx9Lh9F0Rf9wyFJlamHcfdsAD9J5585YcI06OYgTU7hrkutwdIZO9iSbedbY8TTCbXO08SXJoX8+OgXlaCs0gVuIP0PBVvm5U/FXoEFHlyomIlc0/Z77pk+KoyKtEEsdMyERfQCQ+yMRkCEXQ6QtSnljD1tv4fBnqW2KYAWFNZvX5OkDlpBxQqdiwe2pa15gdnfeQGFkGQFT8MKQgukQAuDuWcTROCv6KuLStTRGjnn73LszPb9XfkbBZ7VWnC1Cve/dq6DuNLoWlRz0/Ll6L2bxy99+L6V6mtATFwMjEAJ6TcQEVG+gCJ+02EdPCdxli5fqNgYm73seLtwl0sRKgLinXVR3CDgEw1mn7zeexponWTMU8bn8zeU98mC96MuWdfO8hcRkisbkzzOJ1NJWZkAqIBPceZTTGjVCYWEkEgkOIcFhP3i77nwdk32hoWccE6AkC0nWFXfRpUBtkAOsmuHeN0/orBVE/OyPME5OCg+teAlCSb9YVhUqct3Mlt57O4lbmIuGCmi0MB2xwS+sXJTxVODjqne55yB82xXXMt59405j26KA3CIbuVsxu4ShO1t4hcGMOskthRsb4o8WNZ2V6OHCpV19w05AUIyAvrzIEqT9v1CcVACd6awx9+ngMbMbBVtUmja6DDcqVpD13BEpbD1QvR5wtTYLZo94dwXcSGnXKuPET5cB8k6J9Wo6OGBAd9iNTlDztMgIpKPA08Xk+FL/DTT+vkGBrkNu3IRYehKZnNRl6IfA87VieoxtRUPeEQRKA/DGvX5tSy0gCl82Cq18/jT85SmlZDF1PZDzfWvp8Pug1RtQPg/tnt0ClZyKxrQjX7eqEUc+d6nIndRIyej4g2gWzz2KoPmg0+NlXFr8TzVA/iO+VSsKDWFtTzKspzN8N9uHYsVgL+B0Sb7V7kdVUvassmdr7QGXOiGzSvPvOVdyLJm8ZDuUMQhk4q2vpZI4KCQocwnM8Sct1XtRNMMjrZeMqERbGNQDx7n8wislnUkFJMfk7M5eYGCorACrIo6Y7Zq+/BTLEam7ESdSzj2hcZLz7dTT9fGABIpI/ar0bnsDDxoGjRela4u/PjBUwgAAARVhJRk4BAABFeGlmAABJSSoACAAAAAUADgECAOYAAABKAAAAmIICAAgAAAAwAQAAEgEDAAEAAAABAAAAGgEFAAEAAAA4AQAAGwEFAAEAAABAAQAAAAAAAERBTExBUywgVEVYQVMgLSBNQVkgMjY6IFRhbnppZCBIYXNhbiBUYW1pbSBvZiBCYW5nbGFkZXNoIHBvc2VzIGZvciBhIHBvcnRyYWl0IHByaW9yIHRvIHRoZSBJQ0MgTWVuJ3MgVDIwIENyaWNrZXQgV29ybGQgQ3VwIFdlc3QgSW5kaWVzICYgVVNBIDIwMjQgb24gTWF5IDI2LCAyMDI0IGluIERhbGxhcywgVGV4YXMuIChQaG90byBieSBHcmVnb3J5IFNoYW11cy1JQ0MvSUNDIHZpYSBHZXR0eSBJbWFnZXMpMjAyNCBJQ0MsAQAAAQAAACwBAAABAAAAWE1QIGcGAABodHRwOi8vbnMuYWRvYmUuY29tL3hhcC8xLjAvADw/eHBhY2tldCBiZWdpbj0i77u/IiBpZD0iVzVNME1wQ2VoaUh6cmVTek5UY3prYzlkIj8+Cjx4OnhtcG1ldGEgeG1sbnM6eD0iYWRvYmU6bnM6bWV0YS8iPgoJPHJkZjpSREYgeG1sbnM6cmRmPSJodHRwOi8vd3d3LnczLm9yZy8xOTk5LzAyLzIyLXJkZi1zeW50YXgtbnMjIj4KCQk8cmRmOkRlc2NyaXB0aW9uIHJkZjphYm91dD0iIiB4bWxuczpwaG90b3Nob3A9Imh0dHA6Ly9ucy5hZG9iZS5jb20vcGhvdG9zaG9wLzEuMC8iIHhtbG5zOklwdGM0eG1wQ29yZT0iaHR0cDovL2lwdGMub3JnL3N0ZC9JcHRjNHhtcENvcmUvMS4wL3htbG5zLyIgICB4bWxuczpHZXR0eUltYWdlc0dJRlQ9Imh0dHA6Ly94bXAuZ2V0dHlpbWFnZXMuY29tL2dpZnQvMS4wLyIgeG1sbnM6ZGM9Imh0dHA6Ly9wdXJsLm9yZy9kYy9lbGVtZW50cy8xLjEvIiB4bWxuczpwbHVzPSJodHRwOi8vbnMudXNlcGx1cy5vcmcvbGRmL3htcC8xLjAvIiAgeG1sbnM6aXB0Y0V4dD0iaHR0cDovL2lwdGMub3JnL3N0ZC9JcHRjNHhtcEV4dC8yMDA4LTAyLTI5LyIgeG1sbnM6eG1wUmlnaHRzPSJodHRwOi8vbnMuYWRvYmUuY29tL3hhcC8xLjAvcmlnaHRzLyIgZGM6UmlnaHRzPSIyMDI0IElDQyIgcGhvdG9zaG9wOkNyZWRpdD0iSUNDIHZpYSBHZXR0eSBJbWFnZXMiIEdldHR5SW1hZ2VzR0lGVDpBc3NldElEPSIyMTU0ODQ0Mzc3IiB4bXBSaWdodHM6V2ViU3RhdGVtZW50PSJodHRwczovL3d3dy5nZXR0eWltYWdlcy5jb20vZXVsYT91dG1fbWVkaXVtPW9yZ2FuaWMmYW1wO3V0bV9zb3VyY2U9Z29vZ2xlJmFtcDt1dG1fY2FtcGFpZ249aXB0Y3VybCIgcGx1czpEYXRhTWluaW5nPSJodHRwOi8vbnMudXNlcGx1cy5vcmcvbGRmL3ZvY2FiL0RNSS1QUk9ISUJJVEVELUVYQ0VQVFNFQVJDSEVOR0lORUlOREVYSU5HIiA+CjxkYzpjcmVhdG9yPjxyZGY6U2VxPjxyZGY6bGk+R3JlZ29yeSBTaGFtdXMtSUNDPC9yZGY6bGk+PC9yZGY6U2VxPjwvZGM6Y3JlYXRvcj48ZGM6ZGVzY3JpcHRpb24+PHJkZjpBbHQ+PHJkZjpsaSB4bWw6bGFuZz0ieC1kZWZhdWx0Ij5EQUxMQVMsIFRFWEFTIC0gTUFZIDI2OiBUYW56aWQgSGFzYW4gVGFtaW0gb2YgQmFuZ2xhZGVzaCBwb3NlcyBmb3IgYSBwb3J0cmFpdCBwcmlvciB0byB0aGUgSUNDIE1lbiZhcG9zO3MgVDIwIENyaWNrZXQgV29ybGQgQ3VwIFdlc3QgSW5kaWVzICZhbXA7IFVTQSAyMDI0IG9uIE1heSAyNiwgMjAyNCBpbiBEYWxsYXMsIFRleGFzLiAoUGhvdG8gYnkgR3JlZ29yeSBTaGFtdXMtSUNDL0lDQyB2aWEgR2V0dHkgSW1hZ2VzKTwvcmRmOmxpPjwvcmRmOkFsdD48L2RjOmRlc2NyaXB0aW9uPgo8cGx1czpMaWNlbnNvcj48cmRmOlNlcT48cmRmOmxpIHJkZjpwYXJzZVR5cGU9J1Jlc291cmNlJz48cGx1czpMaWNlbnNvclVSTD5odHRwczovL3d3dy5nZXR0eWltYWdlcy5jb20vZGV0YWlsLzIxNTQ4NDQzNzc/dXRtX21lZGl1bT1vcmdhbmljJmFtcDt1dG1fc291cmNlPWdvb2dsZSZhbXA7dXRtX2NhbXBhaWduPWlwdGN1cmw8L3BsdXM6TGljZW5zb3JVUkw+PC9yZGY6bGk+PC9yZGY6U2VxPjwvcGx1czpMaWNlbnNvcj4KCQk8L3JkZjpEZXNjcmlwdGlvbj4KCTwvcmRmOlJERj4KPC94OnhtcG1ldGE+Cjw/eHBhY2tldCBlbmQ9InciPz4KAA==",Left-handed,Left Arm Medium Seam,Opening Batter,
Bangladesh,Mahmudullah,//upload.wikimedia.org/wikipedia/commons/thumb/6/67/Mahmudullah_Riyad_%282%29.jpg/220px-Mahmudullah_Riyad_%282%29.jpg,Right-handed,Right-arm off break,All-rounder,
Bangladesh,Mustafizur Rahman,//upload.wikimedia.org/wikipedia/commons/thumb/a/a3/Mustafizur_Rahman_%284%29_%28cropped%29.jpg/220px-Mustafizur_Rahman_%284%29_%28cropped%29.jpg,Left-handed,Left-arm fast-medium,Bowler,
Canada,Dilpreet Bajwa,https://cricclubs.com/documentsRep/profilePics/3b7c426b-ea6e-4a42-b65d-cffaa26eec7e.jpeg,Right-handed,Right arm Offbreak,All-rounder,Dilpreet Singh Bajwa (born 01 April 2001) is an India-born cricketer. He plays for  Canada as an allrounder.[1]
Canada,Nikhil Dutta,"https://img1.hscicdn.com/image/upload/f_auto,t_ds_square_w_640,q_50/lsci/db/PICTURES/CMS/321200/321281.png",Right-handed,Right-arm off spin,Bowler,"Nikhil Dutta (born 13 October 1994) is a Canadian cricketer.[1] He has represented the Canada national cricket team since 2013 as a right-arm off spin bowler. He has also played for franchises in the Caribbean Premier League, Bangladesh Premier League and Global T20 Canada."
Canada,Junaid Siddiqui,"https://img1.hscicdn.com/image/upload/f_auto,t_ds_square_w_640,q_50/lsci/db/PICTURES/CMS/321200/321277.png",Right-handed,Right-arm Legbreak,All-rounder,Junaid Siddiqui (born 25 March 1985) is a Pakistani-born Canadian cricketer who plays for Canada national cricket team. He debuted in all formats of the game in 2011.[1]
Canada,Saad Bin Zafar,"https://img1.hscicdn.com/image/upload/f_auto,t_ds_square_w_640,q_50/lsci/db/PICTURES/CMS/321200/321289.png",Left-handed,Slow left arm orthodox,All-rounder,Saad Bin Zafar (Urdu: سعد بن ظفر; born 10 November 1986) is a Pakistani-Canadian cricketer who represents Canada in international cricket and is the current captain of the Canadian national cricket team.[1][2] Saad is a left-handed all-rounder.[3]
Canada,Jeremy Gordon,"https://img1.hscicdn.com/image/upload/f_auto,t_ds_square_w_640,q_50/lsci/db/PICTURES/CMS/321200/321273.png",Right-handed,Right-arm fast,Bowler,
Canada,Pargat Singh,https://cricclubs.com/documentsRep/profilePics/81e0a11f-62d6-4394-907f-dabe3cb207c9.jpeg,Right Handed Batter,Right Arm Medium,All Rounder,
Canada,Dilon Heyliger,"https://img1.hscicdn.com/image/upload/f_auto,t_ds_square_w_640,q_50/lsci/db/PICTURES/CMS/321200/321263.png",Right-handed,Right-arm medium-fast,Bowler,
Canada,Aaron Johnson,"https://img1.hscicdn.com/image/upload/f_auto,t_h_100_2x/lsci/db/PICTURES/CMS/381700/381780.1.jpg",Right hand Bat,Right arm Offbreak,Batter,
Canada,Nicholas Kirton,https://cricclubs.com/documentsRep/profilePics/3e99595a-229d-4173-92de-6a507e4a09f4.jpeg,Left-handed,off spin,Batting Allrounder,
Canada,Shreyas Movva,"https://img1.hscicdn.com/image/upload/f_auto,t_h_100_2x/lsci/db/PICTURES/CMS/381700/381793.1.jpg",Right handed,Right Arm Medium,Wicketkeeper batter,
Canada,Ravinderpal Singh,"https://img1.hscicdn.com/image/upload/f_auto,t_h_100_2x/lsci/db/PICTURES/CMS/381700/381795.1.jpg",Right-handed,Right-arm offbreak,Batsman,
Canada,Navneet Dhaliwal,"https://img1.hscicdn.com/image/upload/f_auto,t_ds_square_w_640,q_50/lsci/db/PICTURES/CMS/321200/321280.png",Right-handed,Right-arm medium,Batsman,
Canada,Kaleem Sana,"https://img1.hscicdn.com/image/upload/f_auto,t_h_100_2x/lsci/db/PICTURES/CMS/381900/381941.1.jpg",Right-handed,Left-arm medium-fast,Bowler,
England,Mark Wood,https://static.cricbuzz.com/a/img/v1/152x152/i1/c351578/mark-wood.jpg,Right Handed Bat,Right-arm fast,Bowler,
England,Adil Rashid,"https://img1.hscicdn.com/image/upload/f_auto,t_ds_square_w_640,q_50/lsci/db/PICTURES/CMS/383100/383151.png",Right-handed,Right-arm leg break,Bowler,
England,Reece Topley,"https://img1.hscicdn.com/image/upload/f_auto,t_ds_square_w_640,q_50/lsci/db/PICTURES/CMS/383100/383150.png",Right-handed,Left-arm Fast-medium,Bowler,
England,Jos Buttler,"https://img1.hscicdn.com/image/upload/f_auto,t_ds_square_w_640,q_50/lsci/db/PICTURES/CMS/383100/383143.png",Right-handed,Right-Arm Off Spin,Wicket-keeper-batsman,
England,Moeen Ali,"https://img1.hscicdn.com/image/upload/f_auto,t_ds_square_w_640,q_50/lsci/db/PICTURES/CMS/383100/383142.png",Left-handed,Right-arm off break,All-Rounder,
England,Harry Brook,"https://img1.hscicdn.com/image/upload/f_auto,t_ds_square_w_640,q_50/lsci/db/PICTURES/CMS/383100/383145.png",Right-handed,Right-arm medium,Batsman,
England,Sam Curran,"https://img1.hscicdn.com/image/upload/f_auto,t_ds_square_w_640,q_50/lsci/db/PICTURES/CMS/383100/383153.png",Left-handed,Left-arm medium-fast,All-rounder,
England,Liam Livingstone,"https://img1.hscicdn.com/image/upload/f_auto,t_ds_square_w_640,q_50/lsci/db/PICTURES/CMS/383100/383152.png",Right-handed,Right-arm leg breakRight-arm off break,Batting-all rounder,
England,Will Jacks,"https://img1.hscicdn.com/image/upload/f_auto,t_ds_square_w_640,q_50/lsci/db/PICTURES/CMS/383100/383155.png",Right-handed,Right-arm off break,Batting all-rounder,
England,Chris Jordan,https://static.cricbuzz.com/a/img/v1/152x152/i1/c244783/chris-jordan.jpg,Right Handed Bat,Right-arm fast-medium,Bowler,
England,Jofra Archer,"https://img1.hscicdn.com/image/upload/f_auto,t_ds_square_w_640,q_50/lsci/db/PICTURES/CMS/383100/383146.png",Right-handed,Right-arm fast,Bowler,
England,Phil Salt,"https://img1.hscicdn.com/image/upload/f_auto,t_ds_square_w_640,q_50/lsci/db/PICTURES/CMS/383100/383141.png",Right-handed,Right-arm off spin,Wicket-keeper-batter,
England,Jonny Bairstow,"https://img1.hscicdn.com/image/upload/f_auto,t_ds_square_w_640,q_50/lsci/db/PICTURES/CMS/383100/383157.png",Right-handed,Right-arm medium,Wicket-keeper-batter,
India,Rishabh Pant,"https://img1.hscicdn.com/image/upload/f_auto,t_ds_square_w_640,q_50/lsci/db/PICTURES/CMS/323000/323036.png",Left-handed,Right-arm medium,Wicket-keeper-batter,
India,Kuldeep Yadav,"https://img1.hscicdn.com/image/upload/f_auto,t_ds_square_w_640,q_50/lsci/db/PICTURES/CMS/319900/319943.png",Left-handed,Left-arm wrist spin,Bowler,
India,Ravindra Jadeja,"https://img1.hscicdn.com/image/upload/f_auto,t_ds_square_w_640,q_50/lsci/db/PICTURES/CMS/316600/316600.png",Left-handed,Slow left-arm orthodox,Bowling All-rounder,
India,Rohit Sharma,"https://img1.hscicdn.com/image/upload/f_auto,t_ds_square_w_640,q_50/lsci/db/PICTURES/CMS/316500/316584.png",Right-handed,Right-arm off break,Top-order batter,
India,Hardik Pandya,"https://img1.hscicdn.com/image/upload/f_auto,t_ds_square_w_640,q_50/lsci/db/PICTURES/CMS/319900/319938.png",Right-handed,Right-arm medium-fast,All-rounder,
India,Mohammed Siraj,"https://img1.hscicdn.com/image/upload/f_auto,t_ds_square_w_640,q_50/lsci/db/PICTURES/CMS/322600/322611.png",Right-handed,Right-arm fast[2],Bowler,
India,Jasprit Bumrah,"https://img1.hscicdn.com/image/upload/f_auto,t_ds_square_w_640,q_50/lsci/db/PICTURES/CMS/319900/319940.png",Right-handed,Right-arm fast[a],Bowler,
India,Virat Kohli,"https://img1.hscicdn.com/image/upload/f_auto,t_ds_square_w_640,q_50/lsci/db/PICTURES/CMS/316600/316605.png",Right-handed,Right-arm mediumRight-arm off break,Top-order batter,
India,Arshdeep Singh,"https://img1.hscicdn.com/image/upload/f_auto,t_ds_square_w_640,q_50/lsci/db/PICTURES/CMS/322100/322178.png",Left Handed Bat,Left-arm fast-medium,Bowler,
India,Shivam Dube,"https://img1.hscicdn.com/image/upload/f_auto,t_ds_square_w_640,q_50/lsci/db/PICTURES/CMS/383700/383773.png",Left-handed,Right-arm medium,Batting-all rounder,
India,Suryakumar Yadav,"https://img1.hscicdn.com/image/upload/f_auto,t_ds_square_w_640,q_50/lsci/db/PICTURES/CMS/331100/331163.png",Right-handed,Right-arm off break,Top-order Batter,
India,Axar Patel,"https://img1.hscicdn.com/image/upload/f_auto,t_ds_square_w_640,q_50/lsci/db/PICTURES/CMS/331100/331164.png",Left-handed,Left-arm orthodox,Bowling All-rounder,
Ireland,Craig Young,https://static.cricbuzz.com/a/img/v1/152x152/i1/c191068/craig-young.jpg,Right Handed Bat,Right-arm fast-medium,Bowler,
Ireland,Mark Adair,"https://img1.hscicdn.com/image/upload/f_auto,t_ds_square_w_640,q_50/lsci/db/PICTURES/CMS/319800/319892.png",Right-handed,Right-arm fast-medium,All-rounder,
Ireland,George Dockrell,//upload.wikimedia.org/wikipedia/commons/thumb/8/81/George_Dockrell_2022.jpg/220px-George_Dockrell_2022.jpg,Right-handed,Slow left-arm orthodox,All-rounder,
Ireland,Ben White,"https://img1.hscicdn.com/image/upload/f_auto,t_ds_square_w_640,q_50/lsci/db/PICTURES/CMS/339100/339163.png",Right Handed Bat,Right-arm legbreak,Bowler,
Ireland,Josh Little,"https://img1.hscicdn.com/image/upload/f_auto,t_ds_square_w_640,q_50/lsci/db/PICTURES/CMS/367800/367860.png",Right-handed,Left-arm fast,Bowler,
Ireland,Barry McCarthy,"https://img1.hscicdn.com/image/upload/f_auto,t_ds_square_w_640,q_50/lsci/db/PICTURES/CMS/319800/319870.png",Right-handed,Right-arm fast-medium,Bowler,
Ireland,Gareth Delany,"https://img1.hscicdn.com/image/upload/f_auto,t_ds_square_w_640,q_50/lsci/db/PICTURES/CMS/319800/319872.png",Right-handed,Right-arm leg break,All-rounder,
Ireland,Curtis Campher,"https://img1.hscicdn.com/image/upload/f_auto,t_ds_square_w_640,q_50/lsci/db/PICTURES/CMS/321300/321343.png",Right-handed,Right-arm medium-fast,All-rounder,
Ireland,Harry Tector,//upload.wikimedia.org/wikipedia/commons/thumb/5/53/Harry_Tector_2022.jpg/220px-Harry_Tector_2022.jpg,Right-handed,Right-arm off break,Middle-order batsman,
Ireland,Lorcan Tucker,"https://img1.hscicdn.com/image/upload/f_auto,t_ds_square_w_640,q_50/lsci/db/PICTURES/CMS/339100/339164.png",Right-handed, Right-Arm Medium,Wicket-keeper batsmen,
Ireland,Paul Stirling,//upload.wikimedia.org/wikipedia/commons/thumb/3/31/Paul_Stirling.jpg/220px-Paul_Stirling.jpg,Right-handed,Right-arm off break,Top-order batter,
Ireland,Andy Balbirnie,//upload.wikimedia.org/wikipedia/commons/thumb/b/b0/Andrew_Balbirnie_2022.jpg/220px-Andrew_Balbirnie_2022.jpg,Right-handed,Right-arm off break,Batsman,
Ireland ,Gareth Delany,"https://img1.hscicdn.com/image/upload/f_auto,t_ds_square_w_640,q_50/lsci/db/PICTURES/CMS/319800/319872.png",Right-handed,Right-arm leg break,All-rounder,
Ireland ,Josh Little,"https://img1.hscicdn.com/image/upload/f_auto,t_ds_square_w_640,q_50/lsci/db/PICTURES/CMS/367800/367860.png",Right-handed,Left-arm fast,Bowler,
Ireland ,Barry McCarthy,"https://img1.hscicdn.com/image/upload/f_auto,t_ds_square_w_640,q_50/lsci/db/PICTURES/CMS/319800/319870.png",Right-handed,Right-arm fast-medium,Bowler,
Ireland ,Mark Adair,"https://img1.hscicdn.com/image/upload/f_auto,t_ds_square_w_640,q_50/lsci/db/PICTURES/CMS/319800/319892.png",Right-handed,Right-arm fast-medium,All-rounder,
Ireland ,George Dockrell,//upload.wikimedia.org/wikipedia/commons/thumb/8/81/George_Dockrell_2022.jpg/220px-George_Dockrell_2022.jpg,Right-handed,Slow left-arm orthodox,All-rounder,
Ireland ,Curtis Campher,"https://img1.hscicdn.com/image/upload/f_auto,t_ds_square_w_640,q_50/lsci/db/PICTURES/CMS/321300/321343.png",Right-handed,Right-arm medium-fast,All-rounder,
Ireland ,Andy Balbirnie,//upload.wikimedia.org/wikipedia/commons/thumb/b/b0/Andrew_Balbirnie_2022.jpg/220px-Andrew_Balbirnie_2022.jpg,Right-handed,Right-arm off break,Batsman,
Ireland ,Paul Stirling,//upload.wikimedia.org/wikipedia/commons/thumb/3/31/Paul_Stirling.jpg/220px-Paul_Stirling.jpg,Right-handed,Right-arm off break,Top-order batter,
Ireland ,Harry Tector,//upload.wikimedia.org/wikipedia/commons/thumb/5/53/Harry_Tector_2022.jpg/220px-Harry_Tector_2022.jpg,Right-handed,Right-arm off break,Middle-order batsman,
Namibia,Bernard Scholtz,"https://img1.hscicdn.com/image/upload/f_auto,t_ds_square_w_640,q_50/lsci/db/PICTURES/CMS/329700/329759.png",Right-handed,Slow left-arm orthodox,Bowler,
Namibia,Gerhard Erasmus,"https://img1.hscicdn.com/image/upload/f_auto,t_ds_square_w_640,q_50/lsci/db/PICTURES/CMS/329700/329755.png",Right-handed,Right-arm off break,All-rounder,
Namibia,JJ Smit,"https://img1.hscicdn.com/image/upload/f_auto,t_ds_square_w_640,q_50/lsci/db/PICTURES/CMS/329700/329762.png",Right-handed,Left-arm medium-fast,Bowling all-rounder,
Namibia,Jan Frylinck,"https://img1.hscicdn.com/image/upload/f_auto,t_ds_square_w_640,q_50/lsci/db/PICTURES/CMS/348600/348605.png",Left-handed,Left-arm medium-fast,Bowling Allrounder,
Namibia,Ruben Trumpelmann,https://static.cricbuzz.com/a/img/v1/152x152/i1/c244642/ruben-trumpelmann.jpg,Right-handed,Left-arm fast,Bowler,
Namibia,JP Kotze,https://static-files.cricket-australia.pulselive.com/headshots/440/3500-camedia.png,Left-handed,Left-Arm Medium,Wicket-keeper batter,
Namibia,Malan Kruger,https://static-files.cricket-australia.pulselive.com/headshots/440/14394-camedia.png,Right-handed,Right-Arm Medium,Batter,
Namibia,Nikolaas Davin,"https://img1.hscicdn.com/image/upload/f_auto,t_h_100_2x/lsci/db/PICTURES/CMS/382000/382050.1.jpg",Right-handed,Legbreak,Batter,
Namibia,Michael van Lingen,"https://img1.hscicdn.com/image/upload/f_auto,t_ds_square_w_640,q_50/lsci/db/PICTURES/CMS/350300/350305.png",Left-handed,Left-arm medium,Allrounder,
Namibia,Tangeni Lungameni,"https://img1.hscicdn.com/image/upload/f_auto,t_ds_square_w_640,q_50/lsci/db/PICTURES/CMS/350300/350306.png",Left-handed,Left-arm medium,Bowler,
Namibia,Jack Brassell,https://www.espncricinfo.com/cricketers/jack-brassell-1310415,Right-handed,Right-arm medium,Bowler,
Namibia,Ben Shikongo,https://static-files.cricket-australia.pulselive.com/headshots/440/3508-camedia.png,Right Handed Bat,Right-arm medium-fast,Bowler,
Namibia,Zane Green,"https://img1.hscicdn.com/image/upload/f_auto,t_ds_square_w_640,q_50/lsci/db/PICTURES/CMS/350300/350307.png",Left-handed,Left Arm Medium,Wicket-keeper,
Namibia,David Wiese,//upload.wikimedia.org/wikipedia/commons/thumb/e/e0/DAVID_WIESE_%2815702924581%29.jpg/220px-DAVID_WIESE_%2815702924581%29.jpg,Right-handed,Right arm medium-fast,All-rounder,
Nepal,Rohit Paudel,//upload.wikimedia.org/wikipedia/commons/thumb/c/c5/Rohit-Paudel-Pic.jpg/220px-Rohit-Paudel-Pic.jpg,Right-handed,Right-arm offbreak,Batting-all rounder,
Nepal,Sagar Dhakal,"https://img1.hscicdn.com/image/upload/f_auto,t_h_100_2x/lsci/db/PICTURES/CMS/381700/381732.1.jpg",Right-handed,Slow left arm orthodox,Bowler,"Sagar Dhakal  aka sagare paudel  (born 14 December 2001) is a Nepalese cricketer.[1][2] In February 2022, he was named in Nepal's Twenty20 International (T20I) squad for the 2021–22 Oman Quadrangular Series.[3] Dhakal made his T20I debut on 11 February 2022 against Oman.[4][5] In March 2022, he was named in Nepal's One Day International (ODI) squad for the 2022United Arab Emirates Tri-Nation Series.[6] He made his ODI debut on 16 March 2022, for Nepal against Papua New Guinea.[7]"
Nepal,Gulsan Jha,https://search.espncricinfo.com/ci/content/site/search.html?search=Gulsan%20Jha,Left-handed,Right-arm medium,Bowling-all rounder,
Nepal,Kushal Malla,//upload.wikimedia.org/wikipedia/commons/thumb/3/39/Kushal_Malla.jpg/220px-Kushal_Malla.jpg,Left-handed,Slow left arm orthodox,All-rounder,
Nepal,Anil Sah,"https://img1.hscicdn.com/image/upload/f_auto,t_ds_square_w_640,q_50/lsci/db/PICTURES/CMS/321700/321735.png",Right-handed,Right-arm off break,Wicket-keeper batsman,
Nepal,Aasif Sheikh,"https://img1.hscicdn.com/image/upload/f_auto,t_ds_square_w_640,q_50/lsci/db/PICTURES/CMS/330400/330462.png",Right hand Bat,Right-arm medium,Wicketkeeper Batter,
Nepal,Sundeep Jora,//upload.wikimedia.org/wikipedia/commons/thumb/9/9b/Flag_of_Nepal.svg/12px-Flag_of_Nepal.svg.png,Right-handed,Right-arm medium,Batsman,
Nepal,Dipendra Singh Airee,//upload.wikimedia.org/wikipedia/commons/thumb/2/2f/Dsairee.jpg/220px-Dsairee.jpg,Right-handed,Right-arm off break,Batting all-rounder,
Nepal,Sompal Kami,//upload.wikimedia.org/wikipedia/commons/thumb/1/1e/Sompal_Kami_in_nepal_jerssey.jpg/220px-Sompal_Kami_in_nepal_jerssey.jpg,Right-handed,Right-arm Fast medium,Bowling-all rounder,
Nepal,Karan KC,//upload.wikimedia.org/wikipedia/commons/thumb/6/6b/Karan_Kc_Nepali_Cricketer.jpg/220px-Karan_Kc_Nepali_Cricketer.jpg,Right-handed,Right-arm fast-medium,Bowling all-rounder,
Nepal,Sandeep Lamichhane,//upload.wikimedia.org/wikipedia/commons/thumb/8/87/Sandeep_Lamichhane.png/220px-Sandeep_Lamichhane.png,Right-handed,"Leg break ,Googly",Bowler,
Nepal,Kushal Bhurtel,//upload.wikimedia.org/wikipedia/commons/thumb/f/ff/Kushal-bhurtel.jpg/220px-Kushal-bhurtel.jpg,Right-handed,Right-arm leg break,Opening batter,
Nepal,Abinash Bohara,//upload.wikimedia.org/wikipedia/commons/thumb/9/9b/Flag_of_Nepal.svg/12px-Flag_of_Nepal.svg.png,Right-hand bat,Right-arm medium,Bowler,
Nether Lands,Teja Nidamanuru,"https://img1.hscicdn.com/image/upload/f_auto,t_ds_square_w_640,q_50/lsci/db/PICTURES/CMS/368000/368040.png",Right-handed,Right-arm off break,Allrounder,
Nether Lands,Vivian Kingma,"https://img1.hscicdn.com/image/upload/f_auto,t_ds_square_w_640,q_50/lsci/db/PICTURES/CMS/368000/368049.png",Right-handed,Right-arm Medium fast,Bowler,
Nether Lands,Sybrand Engelbrecht,"https://img1.hscicdn.com/image/upload/f_auto,t_h_100_2x/lsci/db/PICTURES/CMS/381700/381735.jpg",Right Handed Bat,Right-arm offbreak,Batting Allrounder,
Nether Lands,Aryan Dutt,"https://img1.hscicdn.com/image/upload/f_auto,t_ds_square_w_640,q_50/lsci/db/PICTURES/CMS/368000/368048.png",Right-handed,Right-arm off-break,Bowler,
Nether Lands,Tim Pringle,"https://img1.hscicdn.com/image/upload/f_auto,t_h_100_2x/lsci/db/PICTURES/CMS/381700/381733.4.jpg",Right-handed,Slow left-arm orthodox,Bowling-all rounder,
Nether Lands,Paul van Meekeren,"https://img1.hscicdn.com/image/upload/f_auto,t_ds_square_w_640,q_50/lsci/db/PICTURES/CMS/322600/322644.png",Right-handed,Right-arm fast-medium,Bowler,
Nether Lands,Logan van Beek,"https://img1.hscicdn.com/image/upload/f_auto,t_ds_square_w_640,q_50/lsci/db/PICTURES/CMS/331100/331170.png",Right-handed,Right-arm medium-fast,Bowling-all rounder,
Nether Lands,Bas de Leede,//upload.wikimedia.org/wikipedia/commons/thumb/5/53/1_02_Bas_de_Leede.jpg/220px-1_02_Bas_de_Leede.jpg,Right-handed,Right-arm medium,All-rounder,
Nether Lands,Scott Edwards,https://static.cricbuzz.com/a/img/v1/152x152/i1/c352472/scott-edwards.jpg,Right Handed Bat,Right-Arm Medium,WK-Batsman,
Nether Lands,Vikramjit Singh,"https://img1.hscicdn.com/image/upload/f_auto,t_ds_square_w_640,q_50/lsci/db/PICTURES/CMS/368000/368038.png",Left-handed,Right-arm medium-fast,Batsman,
Nether Lands,Max O'Dowd,"https://img1.hscicdn.com/image/upload/f_auto,t_ds_square_w_640,q_50/lsci/db/PICTURES/CMS/322500/322583.png",Right-handed,Right-arm off spin,Opening Batter,
Nether Lands,Michael Levitt,"https://img1.hscicdn.com/image/upload/f_auto,t_ds_square_w_640,q_50/lsci/db/PICTURES/CMS/368000/368043.png",Right hand Bat,Right arm Fast,Top order Batter,
New Zealand,Mitchell Santner,//upload.wikimedia.org/wikipedia/commons/thumb/3/3e/Flag_of_New_Zealand.svg/23px-Flag_of_New_Zealand.svg.png,Left-handed,Slow left-arm orthodox,Bowling All rounder,
New Zealand,Tim Southee,//upload.wikimedia.org/wikipedia/commons/thumb/a/a2/Tim_Southee_3.jpg/220px-Tim_Southee_3.jpg,Right-handed,Right-arm medium-fast,Bowler,
New Zealand,Ish Sodhi,//upload.wikimedia.org/wikipedia/commons/thumb/5/52/2018.02.03.20.52.20-AUSvNZL_T20_NZL_innings%2C_SCG_%2838618201470%29_%28Sodhi_cropped%29.jpg/220px-2018.02.03.20.52.20-AUSvNZL_T20_NZL_innings%2C_SCG_%2838618201470%29_%28Sodhi_cropped%29.jpg,Right-handed,Right-arm leg break,Bowler,
New Zealand,Rachin Ravindra,"https://img1.hscicdn.com/image/upload/f_auto,t_ds_square_w_640,q_50/lsci/db/PICTURES/CMS/383100/383182.png",Left-handed,Slow left-arm unorthodox,Batting all-rounder,
New Zealand,Finn Allen,"https://img1.hscicdn.com/image/upload/f_auto,t_ds_square_w_640,q_50/lsci/db/PICTURES/CMS/383100/383164.png",Right-handed,Right-arm off break,Opening-Batter,
New Zealand,Devon Conway,//upload.wikimedia.org/wikipedia/commons/thumb/3/3e/Flag_of_New_Zealand.svg/23px-Flag_of_New_Zealand.svg.png,Left-handed,Right-arm medium,Wicket-keeper-batter,
New Zealand,Kane Williamson,//upload.wikimedia.org/wikipedia/commons/thumb/2/2a/Kane_Williamson_in_2019.jpg/220px-Kane_Williamson_in_2019.jpg,Right-handed,Right-arm off-break,Top-order batsman,
New Zealand,Lockie Ferguson,//upload.wikimedia.org/wikipedia/commons/thumb/1/1d/Lockie_Ferguson.jpg/220px-Lockie_Ferguson.jpg,Right-handed,Right-arm fast,Bowler,
New Zealand,Matt Henry,https://static.cricbuzz.com/a/img/v1/152x152/i1/c351607/matt-henry.jpg,Right Handed Bat,Right-arm fast-medium,Bowler,
New Zealand,Michael Bracewell,https://static.cricbuzz.com/a/img/v1/152x152/i1/c244823/michael-bracewell.jpg,Left Handed Bat,Right-arm offbreak,Batting Allrounder,
New Zealand,Glenn Phillips,https://static.cricbuzz.com/a/img/v1/152x152/i1/c351798/glenn-phillips.jpg,Right Handed Bat,Right-arm offbreak,Batsman,
New Zealand,Trent Boult,//upload.wikimedia.org/wikipedia/commons/thumb/2/23/2018.02.03.22.23.14-AUSvNZL_T20_AUS_innings%2C_SCG_%2839533156665%29.jpg/220px-2018.02.03.22.23.14-AUSvNZL_T20_AUS_innings%2C_SCG_%2839533156665%29.jpg,Right-handed,Left-arm fast-medium,Bowler,
New Zealand,Mark Chapman,https://static.cricbuzz.com/a/img/v1/152x152/i1/c351807/mark-chapman.jpg,Left Handed Bat,Left-arm orthodox,Batsman,
New Zealand,James Neesham,//upload.wikimedia.org/wikipedia/commons/thumb/3/3e/Flag_of_New_Zealand.svg/23px-Flag_of_New_Zealand.svg.png,Left-handed,Right-arm medium-fast,Batting all-rounder,
New Zealand,Daryl Mitchell,"https://img1.hscicdn.com/image/upload/f_auto,t_ds_square_w_640,q_50/lsci/db/PICTURES/CMS/383100/383147.png",Right hand Bat,Right arm Medium,Batting Allrounder,
Oman,Kaleemullah,"https://img1.hscicdn.com/image/upload/f_auto,t_ds_square_w_640,q_50/lsci/db/PICTURES/CMS/321700/321773.png",Right hand Bat,Right arm Medium,Bowler,
Oman,Ayaan Khan,"https://img1.hscicdn.com/image/upload/f_auto,t_h_100_2x/lsci/db/PICTURES/CMS/362400/362498.4.jpg",Left-handed,Slow Left arm Orthodox,Allrounder,
Oman,Aqib Ilyas,"https://img1.hscicdn.com/image/upload/f_auto,t_ds_square_w_640,q_50/lsci/db/PICTURES/CMS/321700/321767.png",Right-handed,Right-arm off spin,Top order batter,
Oman,Bilal Khan,"https://img1.hscicdn.com/image/upload/f_auto,t_ds_square_w_640,q_50/lsci/db/PICTURES/CMS/321700/321770.png",Left hand Bat,Left arm Medium fast,Bowler,
Oman,Zeeshan Maqsood,"https://img1.hscicdn.com/image/upload/f_auto,t_ds_square_w_640,q_50/lsci/db/PICTURES/CMS/321700/321792.png",Left-handed,Slow left-arm orthodox,Opening batsman,
Oman,Khalid Kail,"https://img1.hscicdn.com/image/upload/f_auto,t_h_100_2x/lsci/db/PICTURES/CMS/381900/381922.4.jpg",Right-handed,Right Arm Off Spin,All Rounder,
Oman,Pratik Athavale,https://cricclubs.com/documentsRep/profilePics/ed0bd1b5-de59-4d58-8644-e837182639a8.png,Right-handed,Right Arm Off Spin,"Batsman, Wicket-Keeper",
Oman,Naseem Khushi,"https://img1.hscicdn.com/image/upload/f_auto,t_ds_square_w_640,q_50/lsci/db/PICTURES/CMS/321700/321778.png",Right-handed,Right Arm Medium,Wicket-keeper,
Oman,Rafiullah,"https://img1.hscicdn.com/image/upload/f_auto,t_h_100_2x/lsci/db/PICTURES/CMS/381900/381937.1.jpg",Right hand Bat,Right arm Medium,Bowler,
Oman,Shakeel Ahmed,"https://img1.hscicdn.com/image/upload/f_auto,t_h_100_2x/lsci/db/PICTURES/CMS/381900/381930.2.jpg",Left hand Bat,Slow Left arm Orthodox,Bowler,
Oman,Kashyap Prajapati,"https://img1.hscicdn.com/image/upload/f_auto,t_h_100_2x/lsci/db/PICTURES/CMS/362500/362500.4.jpg",Right-handed,Right-arm offbreak,Top order batter,
Oman,Shoaib Khan,"https://img1.hscicdn.com/image/upload/f_auto,t_h_100_2x/lsci/db/PICTURES/CMS/381900/381939.1.jpg",Right hand Bat,Right arm Medium,Batter,
Oman,Mohammad Nadeem,"https://img1.hscicdn.com/image/upload/f_auto,t_ds_square_w_640,q_50/lsci/db/PICTURES/CMS/321700/321777.png",Right hand Bat,Right arm Medium fast,Allrounder,
Oman,Mehran Khan,"https://img1.hscicdn.com/image/upload/f_auto,t_ds_square_w_640,q_50/lsci/db/PICTURES/CMS/321700/321776.png",Right-handed,Right-arm medium-fast,Batter,
Oman,Fayyaz Butt,"https://img1.hscicdn.com/image/upload/f_auto,t_ds_square_w_640,q_50/lsci/db/PICTURES/CMS/321700/321765.png",Right hand Bat,Right-arm medium-fast,Bowler,
PNG,Chad Soper,//upload.wikimedia.org/wikipedia/commons/thumb/e/e3/Flag_of_Papua_New_Guinea.svg/20px-Flag_of_Papua_New_Guinea.svg.png,Right-handed,Right-arm medium-fast,Bowling-all rounder,
PNG,Assad Vala,"https://img1.hscicdn.com/image/upload/f_auto,t_ds_square_w_640,q_50/lsci/db/PICTURES/CMS/321100/321136.png",Left-handed,Right-arm off break,Batter,
PNG,Sese Bau,"https://img1.hscicdn.com/image/upload/f_auto,t_ds_square_w_640,q_50/lsci/db/PICTURES/CMS/321100/321159.png",Left-handed,Right-arm medium,Middle order Batter,
PNG,Lega Siaka,"https://img1.hscicdn.com/image/upload/f_auto,t_ds_square_w_640,q_50/lsci/db/PICTURES/CMS/321100/321151.png",Right-handed,Right-arm leg break,Batsman,
PNG,John Kariko,"https://img1.hscicdn.com/image/upload/f_auto,t_h_100_2x/lsci/db/PICTURES/CMS/381600/381679.1.jpg",Left-handed,Left-arm orthodox spin,Bowler,
PNG,Kiplin Doriga,"https://img1.hscicdn.com/image/upload/f_auto,t_ds_square_w_640,q_50/lsci/db/PICTURES/CMS/321100/321149.png",Right-handed,Right Arm Medium Seam,"Batsman, occasional wicket-keeper",
PNG,Norman Vanua,//upload.wikimedia.org/wikipedia/commons/thumb/e/e3/Flag_of_Papua_New_Guinea.svg/20px-Flag_of_Papua_New_Guinea.svg.png,Right-handed,Right-arm pace,All-rounder,
PNG,Alei Nao,//upload.wikimedia.org/wikipedia/commons/thumb/e/e3/Flag_of_Papua_New_Guinea.svg/20px-Flag_of_Papua_New_Guinea.svg.png,Right-handed,Right-arm medium,Bowler,
PNG,Kabua Morea,"https://img1.hscicdn.com/image/upload/f_auto,t_ds_square_w_640,q_50/lsci/db/PICTURES/CMS/329700/329753.png",Right hand Bat,Right hand Bat,Bowler,
PNG,Semo Kamea,"https://img1.hscicdn.com/image/upload/f_auto,t_h_100_2x/lsci/db/PICTURES/CMS/381600/381677.2.jpg",Left hand Bat,Left arm Fast,Bowler,
PNG,Tony Ura,//upload.wikimedia.org/wikipedia/commons/thumb/e/e3/Flag_of_Papua_New_Guinea.svg/20px-Flag_of_Papua_New_Guinea.svg.png,Right-handed,Null,Opening Batter,
PNG,Hiri Hiri,"https://img1.hscicdn.com/image/upload/f_auto,t_ds_square_w_640,q_50/lsci/db/PICTURES/CMS/321100/321144.png",Right-handed,Right-arm off break,Middle order Batter,
PNG,Charles Amini,//upload.wikimedia.org/wikipedia/commons/thumb/e/e3/Flag_of_Papua_New_Guinea.svg/20px-Flag_of_Papua_New_Guinea.svg.png,Left-handed,Right-arm leg break,All rounder,"Charles Jordan Alewa Amini, also known as CJ Amini, (born 14 April 1992) is a Papua New Guinea cricketer. He is the son of Kune Amini and brother of Chris Amini, who both have also represented PNG."
Pakistan,Usman Khan,"https://img1.hscicdn.com/image/upload/f_auto,t_h_100_2x/lsci/db/PICTURES/CMS/382000/382035.2.jpg",Usman Khan,Right arm Offbreak,Top order Batter,
Pakistan,Mohammad Rizwan,"https://img1.hscicdn.com/image/upload/f_auto,t_ds_square_w_640,q_50/lsci/db/PICTURES/CMS/320400/320458.png",Right hand Bat,Right arm Medium,Wicketkeeper Batter,
Pakistan,Azam Khan,"https://img1.hscicdn.com/image/upload/f_auto,t_ds_square_w_640,q_50/lsci/db/PICTURES/CMS/326500/326525.png",Right hand Bat,Slow left-arm orthodox,Wicketkeeper Batter,
Pakistan,Haris Rauf,"https://img1.hscicdn.com/image/upload/f_auto,t_ds_square_w_640,q_50/lsci/db/PICTURES/CMS/322200/322202.png",Right-handed,Right-arm fast,Bowler,
Pakistan,Iftikhar Ahmed,https://static.cricbuzz.com/a/img/v1/152x152/i1/c352421/iftikhar-ahmed.jpg,Batting Allrounder,Right-arm offbreak,Batting Allrounder,
Pakistan,Naseem Shah,"https://img1.hscicdn.com/image/upload/f_auto,t_ds_square_w_640,q_50/lsci/db/PICTURES/CMS/322200/322223.png",Right-handed,Right-arm fast,Bowler,
Pakistan,Shadab Khan,"https://img1.hscicdn.com/image/upload/f_auto,t_ds_square_w_640,q_50/lsci/db/PICTURES/CMS/320400/320467.png",Right-handed,Right-arm leg spin,All-rounder,
Pakistan,Mohammad Amir,"https://img1.hscicdn.com/image/upload/f_auto,t_ds_square_w_640,q_50/lsci/db/PICTURES/CMS/320400/320457.png",Left-handed,Left-arm fast,Bowler,
Pakistan,Saim Ayub,"https://img1.hscicdn.com/image/upload/f_auto,t_ds_square_w_640,q_50/lsci/db/PICTURES/CMS/326400/326498.png",Left-handed,Right-arm off-breakRight-arm medium-fast,Opening -Batter,
Pakistan,Babar Azam,https://www.google.com/imgres?q=babar%20azam&imgurl=https%3A%2F%2Fhamariweb.com%2Fprofiles%2Fimages%2Fprofile%2F4786-321-147.jpg&imgrefurl=https%3A%2F%2Fhamariweb.com%2Fprofiles%2Fbabar-azam_147&docid=uOnklq120Y0hhM&tbnid=RsaViGqedQLN0M&vet=12ahUKEwjdpcTDg5iHAxXlBNsEHUTjCx0QM3oECFkQAA..i&w=1000&h=1000&hcb=2&ved=2ahUKEwjdpcTDg5iHAxXlBNsEHUTjCx0QM3oECFkQAA,Right-handed,Right-arm off break,Batter,
Pakistan,Abbas Afridi,"https://img1.hscicdn.com/image/upload/f_auto,t_ds_square_w_640,q_50/lsci/db/PICTURES/CMS/322100/322158.png",Right hand Bat,Right arm Medium fast,Bowler,
Pakistan,Fakhar Zaman,"https://img1.hscicdn.com/image/upload/f_auto,t_ds_square_w_640,q_50/lsci/db/PICTURES/CMS/320400/320449.png",Left hand Bat,Slow Left arm Orthodox,Batsman,
Pakistan,Imad Wasim,"https://img1.hscicdn.com/image/upload/f_auto,t_ds_square_w_640,q_50/lsci/db/PICTURES/CMS/320400/320451.png",Left-handed,Slow left-arm orthodox,All-rounder,
Pakistan,Shaheen Shah Afridi,https://www.pcb.com.pk/timthumb.php?src=images/news_images/featured_images/bd33215549a3.jpg&w=675,Left-handed,Left-arm fast,Bowler,
Scotland,Brad Currie,"https://img1.hscicdn.com/image/upload/f_auto,t_h_100_2x/lsci/db/PICTURES/CMS/381900/381999.1.jpg",Right-handed,Left-arm medium-fast,Bowler,"Bradley James Currie (born 8 November 1998) is an English born Scotland cricketer.[1][2] In May 2022, he was named in Scotland's squad as a travelling reserve player for the 2022 United States Tri-Nation Series.[3]"
Scotland,Brad Wheal,"https://img1.hscicdn.com/image/upload/f_auto,t_ds_square_w_640,q_50/lsci/db/PICTURES/CMS/322400/322436.png",Right-handed,Right-arm fast medium,Bowler,
Scotland,Safyaan Sharif,"https://img1.hscicdn.com/image/upload/f_auto,t_ds_square_w_640,q_50/lsci/db/PICTURES/CMS/316600/316679.png",Right-handed,Right-arm fast-medium,Bowler,
Scotland,Mark Watt,"https://img1.hscicdn.com/image/upload/f_auto,t_ds_square_w_640,q_50/lsci/db/PICTURES/CMS/320300/320372.png",Left-handed,Slow left-arm orthodox,Bowler,
Scotland,Chris Sole,"https://img1.hscicdn.com/image/upload/f_auto,t_ds_square_w_640,q_50/lsci/db/PICTURES/CMS/322400/322438.png",Right-handed,Right-arm fast,Bowler,
Scotland,Matthew Cross,"https://img1.hscicdn.com/image/upload/f_auto,t_ds_square_w_640,q_50/lsci/db/PICTURES/CMS/316600/316680.png",Right Handed Bat,Right Arm Medium,WK-Batsman,
Scotland,Brandon McMullen,"https://img1.hscicdn.com/image/upload/f_auto,t_h_100_2x/lsci/db/PICTURES/CMS/381900/381996.1.jpg",Right-handed,Right-arm fast-Medium,All-rounder,
Scotland,Richie Berrington,"https://img1.hscicdn.com/image/upload/f_auto,t_ds_square_w_640,q_50/lsci/db/PICTURES/CMS/316500/316587.png",Right-handed,Right-arm medium-fast,Top order Batter,
Scotland,Michael Leask,"https://img1.hscicdn.com/image/upload/f_auto,t_ds_square_w_640,q_50/lsci/db/PICTURES/CMS/316600/316678.png",Right-handed,Right-arm off break,All-rounder,
Scotland,Chris Greaves,"https://img1.hscicdn.com/image/upload/f_auto,t_ds_square_w_640,q_50/lsci/db/PICTURES/CMS/329700/329745.png",Right hand Bat,Legbreak,Bowler,
Scotland,George Munsey,"https://img1.hscicdn.com/image/upload/f_auto,t_ds_square_w_640,q_50/lsci/db/PICTURES/CMS/320300/320365.png",Left-handed,Right-arm medium-fast,Opening Batter,
Scotland,Michael Jones,"https://img1.hscicdn.com/image/upload/f_auto,t_ds_square_w_640,q_50/lsci/db/PICTURES/CMS/322400/322444.png",Right hand Bat,Right arm Offbreak,Top order Batter,
South Africa,Tabraiz Shamsi,"https://img1.hscicdn.com/image/upload/f_auto,t_ds_square_w_640,q_50/lsci/db/PICTURES/CMS/322000/322068.png",Right handed,Left-arm unorthodox spin,Bowler,
South Africa,Anrich Nortje,"https://img1.hscicdn.com/image/upload/f_auto,t_ds_square_w_640,q_50/lsci/db/PICTURES/CMS/322000/322080.png",Right-handed,Right-arm fast,Bowler,
South Africa,David Miller,"https://img1.hscicdn.com/image/upload/f_auto,t_ds_square_w_640,q_50/lsci/db/PICTURES/CMS/316600/316655.png",Left hand Bat,Right arm Offbreak,Middle order Batter,
South Africa,Ottneil Baartman,"https://img1.hscicdn.com/image/upload/f_auto,t_h_100_2x/lsci/db/PICTURES/CMS/381700/381731.1.jpg",Right-handed,Right arm  fast-medium,Bowler,
South Africa,Keshav Maharaj,"https://img1.hscicdn.com/image/upload/f_auto,t_ds_square_w_640,q_50/lsci/db/PICTURES/CMS/322000/322072.png",Right-handed,Slow left-arm orthodox,Bowler,
South Africa,Marco Jansen,"https://img1.hscicdn.com/image/upload/f_auto,t_ds_square_w_640,q_50/lsci/db/PICTURES/CMS/337100/337189.png",Right-handed,Left-arm fast-medium,Bowling all-rounder,
South Africa,Tristan Stubbs,"https://img1.hscicdn.com/image/upload/f_auto,t_ds_square_w_640,q_50/lsci/db/PICTURES/CMS/348500/348577.png",Right-handed,Right-arm off break,Wicket-keeper-batter,
South Africa,Reeza Hendricks,"https://img1.hscicdn.com/image/upload/f_auto,t_ds_square_w_640,q_50/lsci/db/PICTURES/CMS/322000/322071.png",Right-handed,Right-arm off break,Opening batsman,
South Africa,Quinton de Kock,"https://img1.hscicdn.com/image/upload/f_auto,t_ds_square_w_640,q_50/lsci/db/PICTURES/CMS/316600/316668.png",Left-handed,Style Left-Arm Orthodox,Wicket-keeper-batter,
South Africa,Aiden Markram,"https://img1.hscicdn.com/image/upload/f_auto,t_ds_square_w_640,q_50/lsci/db/PICTURES/CMS/322000/322067.png",Right-handed,Right-arm off break,Opening batterOccasionally All-rounder,
South Africa,Heinrich Klaasen,"https://img1.hscicdn.com/image/upload/f_auto,t_ds_square_w_640,q_50/lsci/db/PICTURES/CMS/322000/322073.png",Right-handed,Right-arm off spin,Wicket-keeper batsman,
South Africa,Kagiso Rabada,"https://img1.hscicdn.com/image/upload/f_auto,t_ds_square_w_640,q_50/lsci/db/PICTURES/CMS/320300/320376.png",Left-handed,Right-arm fast,Bowler,
Sri Lanka,Wanindu Hasaranga,"https://img1.hscicdn.com/image/upload/f_auto,t_ds_square_w_640,q_50/lsci/db/PICTURES/CMS/322900/322946.png",Right-handed,Right-arm Googly,Bowling All-rounder,
Sri Lanka,Angelo Mathews,"https://img1.hscicdn.com/image/upload/f_auto,t_ds_square_w_640,q_50/lsci/db/PICTURES/CMS/355600/355644.png",Right-handed,Right-arm medium,All-rounder,
Sri Lanka,Nuwan Thushara,"https://img1.hscicdn.com/image/upload/f_auto,t_ds_square_w_640,q_50/lsci/db/PICTURES/CMS/343400/343442.gif",Right handed,Right arm medium-fast,Bowler,
Sri Lanka,Matheesha Pathirana,"https://img1.hscicdn.com/image/upload/f_auto,t_ds_square_w_640,q_50/lsci/db/PICTURES/CMS/355400/355402.png",Right-handed,Right-arm fast,Bowler,
Sri Lanka,Maheesh Theekshana,"https://img1.hscicdn.com/image/upload/f_auto,t_ds_square_w_640,q_50/lsci/db/PICTURES/CMS/347800/347825.png",Right-handed,Right-arm off-break,Bowler,
Sri Lanka,Kusal Mendis,"https://img1.hscicdn.com/image/upload/f_auto,t_ds_square_w_640,q_50/lsci/db/PICTURES/CMS/319800/319866.png",Right-handed,Right-arm leg spin,Wicket-keeper-batter,
Sri Lanka,Dasun Shanaka,"https://img1.hscicdn.com/image/upload/f_auto,t_ds_square_w_640,q_50/lsci/db/PICTURES/CMS/328000/328058.png",Right-handed,Right-arm medium,All-rounder,
Sri Lanka,Sadeera Samarawickrama,"https://img1.hscicdn.com/image/upload/f_auto,t_ds_square_w_640,q_50/lsci/db/PICTURES/CMS/323000/323069.png",Right-handed,right-arm off/leg-spin,Wicket-keeper-batter,
Sri Lanka,Charith Asalanka,"//upload.wihttps://img1.hscicdn.com/image/upload/f_auto,t_ds_square_w_640,q_50/lsci/db/PICTURES/CMS/348500/348599.pngkimedia.org/wikipedia/commons/thumb/1/11/Flag_of_Sri_Lanka.svg/23px-Flag_of_Sri_Lanka.svg.png",Left-handed,Right-arm off break,Batting all-rounder,
Sri Lanka,Dhananjaya de Silva,"https://img1.hscicdn.com/image/upload/f_auto,t_ds_square_w_640,q_50/lsci/db/PICTURES/CMS/319800/319859.png",Right-handed,Right-arm off break,Allrounder,
Sri Lanka,Kamindu Mendis,"https://img1.hscicdn.com/image/upload/f_auto,t_ds_square_w_640,q_50/lsci/db/PICTURES/CMS/329900/329938.png",Left-handed,"Left-arm orthodox spin,Right-arm off-break",Batting-all rounder,
Sri Lanka,Pathum Nissanka,"https://img1.hscicdn.com/image/upload/f_auto,t_ds_square_w_640,q_50/lsci/db/PICTURES/CMS/323000/323070.png",Right-handed,Right-Arm Off Spin,Top-order batter,
USA,Milind Kumar,"https://img1.hscicdn.com/image/upload/f_auto,t_ds_square_w_640,q_50/lsci/db/PICTURES/CMS/383200/383211.png",Right-handed,Right-arm off-break,Batsman,
USA,Corey Anderson,"https://img1.hscicdn.com/image/upload/f_auto,t_ds_square_w_640,q_50/lsci/db/PICTURES/CMS/383200/383214.png",Left hand Bat,Left arm Medium fast,Batting Allrounder,
USA,Aaron Jones,"https://img1.hscicdn.com/image/upload/f_auto,t_ds_square_w_640,q_50/lsci/db/PICTURES/CMS/382800/382835.png",Right hand Bat,Legbreak Googly,Legbreak Googly,
USA,Nitish Kumar,"https://img1.hscicdn.com/image/upload/f_auto,t_ds_square_w_640,q_50/lsci/db/PICTURES/CMS/383200/383209.png",Right hand Bat,Right hand Bat,Right hand Bat,
USA,Harmeet Singh,"https://img1.hscicdn.com/image/upload/f_auto,t_ds_square_w_640,q_50/lsci/db/PICTURES/CMS/382800/382830.png",Left hand Bat,Slow Left arm Orthodox,Slow Left arm Orthodox,
USA,Andries Gous,"https://img1.hscicdn.com/image/upload/f_auto,t_ds_square_w_640,q_50/lsci/db/PICTURES/CMS/382800/382832.png",Right-handed,Right-Arm Medium,Wicket-keeper,
USA,Jasdeep Singh,"https://img1.hscicdn.com/image/upload/f_auto,t_ds_square_w_640,q_50/lsci/db/PICTURES/CMS/383200/383212.png",Right-handed,Right-arm medium,All-rounder,
USA,Saurabh Netravalkar,"https://img1.hscicdn.com/image/upload/f_auto,t_ds_square_w_640,q_50/lsci/db/PICTURES/CMS/383200/383213.png",Right-handed,Left-arm fast-medium,Bowler,
USA,Monank Patel,"https://img1.hscicdn.com/image/upload/f_auto,t_ds_square_w_640,q_50/lsci/db/PICTURES/CMS/383200/383210.png",Right-handed,Right Arm Medium Seam,Wicketkeeper batsman,
USA,Ali Khan,https://static.cricbuzz.com/a/img/v1/152x152/i1/c226334/ali-khan.jpg,Right Handed Bat,Right-arm fast-medium,Bowler,
USA,Shadley van Schalkwyk,"https://img1.hscicdn.com/image/upload/f_auto,t_ds_square_w_640,q_50/lsci/db/PICTURES/CMS/382800/382834.png",Left-handed,Right-arm medium,All-rounder,Shadley van Schalkwyk (born 5 August 1988) is a South African-born cricketer who currently plays for the United States national cricket team.[1] He is a left-handed batsman and a right-arm medium-fast bowler and has played cricket for Seattle Thunderbolts and Los Angeles Knight Riders. He was born in Cape Town.[2]
USA,Steven Taylor,"https://img1.hscicdn.com/image/upload/f_auto,t_ds_square_w_640,q_50/lsci/db/PICTURES/CMS/382800/382833.png",Left hand Bat,Right arm Offbreak,Opening Batter,
USA,Nosthush Kenjige,"https://img1.hscicdn.com/image/upload/f_auto,t_ds_square_w_640,q_50/lsci/db/PICTURES/CMS/383200/383218.png",Left-handed,Slow left-arm orthodox,All-rounder,
USA,Shayan Jahangir,"https://img1.hscicdn.com/image/upload/f_auto,t_ds_square_w_640,q_50/lsci/db/PICTURES/CMS/382800/382831.png",Right-handed,Right-arm fast-medium,"Wicket-keeper, Batter",
Uganda,Brian Masaba,"https://img1.hscicdn.com/image/upload/f_auto,t_h_100_2x/lsci/db/PICTURES/CMS/172900/172913.1.jpg",Right-handed,"Right arm Fast medium, Right arm Offbreak, Legbreak Googly",All-rounder,
Uganda,Roger Mukasa,"https://img1.hscicdn.com/image/upload/f_auto,t_h_100_2x/lsci/db/PICTURES/CMS/172900/172923.1.jpg",Right-handed,Right-arm medium,Occasional wicket-keeper,"Roger Galwanao Mukasa (born 22 August 1989) is a Ugandan international cricketer.[1]  Mukasa bats and bowls right-handed and also occasionally plays as a wicket-keeper. He has represented Uganda in first-class, List A and Twenty20 cricket.[2] His shirt number is 37. He played in the 2006 U-19 Cricket World Cup in Sri Lanka."
Uganda,Kenneth Waiswa,"https://img1.hscicdn.com/image/upload/f_auto,t_h_100_2x/lsci/db/PICTURES/CMS/275800/275803.1.jpg",Right-handed,Right-arm medium,Allrounder,
Uganda,Henry Ssenyondo,"https://img1.hscicdn.com/image/upload/f_auto,t_h_100_2x/lsci/db/PICTURES/CMS/172900/172921.1.jpg",Right-handed,Slow left-arm Orthodox,Bowler,
Uganda,Bilal Hassan,"https://img1.hscicdn.com/image/upload/f_auto,t_h_100_2x/lsci/db/PICTURES/CMS/275800/275802.1.jpg",Right-handed,Right-arm medium-fast,Bowler,
Uganda,Frank Nsubuga,"https://img1.hscicdn.com/image/upload/f_auto,t_h_100_2x/lsci/db/PICTURES/CMS/172900/172987.1.jpg",Right-handed,Right arm off break,Allrounder,"Franco ""Frank"" Nsubuga (born 28 August 1980 in Uganda) is a Ugandan cricketer. A right-handed batsman and off spin bowler,[1] he has played for the Uganda national cricket team since 2001.[2] His matches include seven first-class matches[3] and fifty-two List A matches.[4] He has also developed a cult following especially with this participation at the 2024 ICC Men's T20 World Cup also enhanced his reputation."
Uganda,Riazat Ali Shah,"https://img1.hscicdn.com/image/upload/f_auto,t_h_100_2x/lsci/db/PICTURES/CMS/275800/275801.1.jpg",Right-handed,Right-arm medium,All-rounder,
Uganda,Ronak Patel,"https://img1.hscicdn.com/image/upload/f_auto,t_h_100_2x/lsci/db/PICTURES/CMS/381600/381676.4.jpg",Right hand Bat,Slow Left arm Orthodox,Batter,
Uganda,Cosmas Kyewuta,"https://img1.hscicdn.com/image/upload/f_auto,t_h_100_2x/lsci/db/PICTURES/CMS/381600/381673.4.jpg",Right-handed,Right-arm fast-medium,Bowler,
Uganda,Juma Miyagi,"https://img1.hscicdn.com/image/upload/f_auto,t_h_100_2x/lsci/db/PICTURES/CMS/381600/381675.5.jpg",Right-handed,Right-arm fast-medium,Bowler,
Uganda,Fred Achelam,"https://img1.hscicdn.com/image/upload/f_auto,t_h_100_2x/lsci/db/PICTURES/CMS/275800/275806.1.jpg",Right-handed,Right Arm Medium,Wicketkeeper batsman,
Uganda,Dinesh Nakrani,"https://img1.hscicdn.com/image/upload/f_auto,t_h_100_2x/lsci/db/PICTURES/CMS/381600/381663.1.jpg",Left-handed,Left-arm medium,Allrounder,
Uganda,Simon Ssesazi,"https://img1.hscicdn.com/image/upload/f_auto,t_h_100_2x/lsci/db/PICTURES/CMS/275800/275805.1.jpg",Left-handed,Right-arm slow,batter,
Uganda,Robinson Obuya,"https://img1.hscicdn.com/image/upload/f_auto,t_h_100_2x/lsci/db/PICTURES/CMS/381600/381674.3.jpg",Right-handed,Right-arm medium,Batsman,
Uganda,Alpesh Ramjani,"https://img1.hscicdn.com/image/upload/f_auto,t_h_100_2x/lsci/db/PICTURES/CMS/381600/381667.6.png",Left-handed,Slow left-arm orthodox,All-rounder,Alpesh Ravilal Ramjani (born 24 September 1994) is an Indian-born cricketer who plays for the Uganda national cricket team.[1]
West Indies,Obed McCoy,"https://img1.hscicdn.com/image/upload/f_auto,t_ds_square_w_640,q_50/lsci/db/PICTURES/CMS/322000/322031.png",Left-handed,Left-arm fast-medium,Bowler,
West Indies,Akeal Hosein,"https://img1.hscicdn.com/image/upload/f_auto,t_ds_square_w_640,q_50/lsci/db/PICTURES/CMS/321900/321939.png",Left-handed,Slow left-arm orthodox,Bowler,
West Indies,Johnson Charles,"https://img1.hscicdn.com/image/upload/f_auto,t_ds_square_w_640,q_50/lsci/db/PICTURES/CMS/322000/322008.png",Right-handed,Right-Arm medium,Wicket-keeper-batter,
West Indies,Sherfane Rutherford,"https://img1.hscicdn.com/image/upload/f_auto,t_ds_square_w_640,q_50/lsci/db/PICTURES/CMS/322100/322173.png",Left-handed,Right-arm fast-medium,Middle-order batter,
West Indies,Andre Russell,"https://img1.hscicdn.com/image/upload/f_auto,t_ds_square_w_640,q_50/lsci/db/PICTURES/CMS/316600/316615.png",Right-handed,Right-arm fast,All-rounder,
West Indies,Roston Chase,"https://img1.hscicdn.com/image/upload/f_auto,t_ds_square_w_640,q_50/lsci/db/PICTURES/CMS/322000/322039.png",Right-handed,Right-arm off-break,All-rounder,
West Indies,Rovman Powell,"https://img1.hscicdn.com/image/upload/f_auto,t_ds_square_w_640,q_50/lsci/db/PICTURES/CMS/322100/322172.png",Right-handed,Right-arm medium-fast,Middle-order batter,
West Indies,Nicholas Pooran,"https://img1.hscicdn.com/image/upload/f_auto,t_ds_square_w_640,q_50/lsci/db/PICTURES/CMS/320100/320109.png",Left-handed,Right-arm off break,Wicket-keeper-batter,
West Indies,Shai Hope,"https://img1.hscicdn.com/image/upload/f_auto,t_ds_square_w_640,q_50/lsci/db/PICTURES/CMS/320100/320122.png",Right-handed,Left-arm medium,Wicket-keeper-batter,
West Indies,Alzarri Joseph,"https://img1.hscicdn.com/image/upload/f_auto,t_ds_square_w_640,q_50/lsci/db/PICTURES/CMS/321900/321943.png",Right-handed,Right-arm fast,Bowler,
West Indies,Brandon King,"https://img1.hscicdn.com/image/upload/f_auto,t_ds_square_w_640,q_50/lsci/db/PICTURES/CMS/321900/321983.png",Right hand Bat,Right-Arm Medium,Top order Batter,
West Indies,Gudakesh Motie,"https://img1.hscicdn.com/image/upload/f_auto,t_ds_square_w_640,q_50/lsci/db/PICTURES/CMS/326100/326127.png",Left-handed,Slow left-arm orthodox,Bowler,
West Indies,Kyle Mayers,"https://img1.hscicdn.com/image/upload/f_auto,t_ds_square_w_640,q_50/lsci/db/PICTURES/CMS/322000/322024.png",Left-handed,Right-arm medium,Batting all-rounder,
West Indies,Romario Shepherd,"https://img1.hscicdn.com/image/upload/f_auto,t_ds_square_w_640,q_50/lsci/db/PICTURES/CMS/322000/322037.png",Right-handed,Right-arm fast-medium,Bowling All-rounder,
